Regiao - Sigla;Estado - Sigla;Municipio;Revenda;CNPJ da Revenda;Nome da Rua;Numero Rua;Complemento;Bairro;Cep;Produto;Data da Coleta;Valor de Venda;Valor de Compra;Unidade de Medida;Bandeira
NE;CE;SOBRAL;ECONOGÁS DO BRASIL DIST. DERIV. DE PET. BIOC. E GÁS NAT; 08.775.979/0002-62;RUA TABELIÃO IDELFONSO CAVALCANTI;455;;CENTRO;62010-000;GASOLINA;01/01/2025;6,29;;R$ / litro;RAIZEN
NE;CE;SOBRAL;ECONOGÁS DO BRASIL DIST. DERIV. DE PET. BIOC. E GÁS NAT; 08.775.979/0002-62;RUA TABELIÃO IDELFONSO CAVALCANTI;455;;CENTRO;62010-000;GASOLINA ADITIVADA;01/01/2025;6,49;;R$ / litro;RAIZEN
NE;CE;SOBRAL;ECONOGÁS DO BRASIL DIST. DERIV. DE PET. BIOC. E GÁS NAT; 08.775.979/0002-62;RUA TABELIÃO IDELFONSO CAVALCANTI;455;;CENTRO;62010-000;DIESEL S10;01/01/2025;6,19;;R$ / litro;RAIZEN
NE;CE;SOBRAL;ECONOGÁS DO BRASIL DIST. DERIV. DE PET. BIOC. E GÁS NAT; 08.775.979/0002-62;RUA TABELIÃO IDELFONSO CAVALCANTI;455;;CENTRO;62010-000;ETANOL;01/01/2025;5,19;;R$ / litro;RAIZEN
NE;CE;SOBRAL;V.C.EMPREENDIMENTOS LTDA; 03.551.935/0002-35;AVENIDA JOSE EUCLIDES FERREIRA GOMES;30;POSTO FLASH;CORACAO DE JESUS;62043-070;GASOLINA;01/01/2025;6,53;;R$ / litro;RAIZEN
NE;CE;SOBRAL;V.C.EMPREENDIMENTOS LTDA; 03.551.935/0002-35;AVENIDA JOSE EUCLIDES FERREIRA GOMES;30;POSTO FLASH;CORACAO DE JESUS;62043-070;GASOLINA ADITIVADA;01/01/2025;6,83;;R$ / litro;RAIZEN
NE;CE;SOBRAL;V.C.EMPREENDIMENTOS LTDA; 03.551.935/0002-35;AVENIDA JOSE EUCLIDES FERREIRA GOMES;30;POSTO FLASH;CORACAO DE JESUS;62043-070;DIESEL S10;01/01/2025;6,38;;R$ / litro;RAIZEN
NE;CE;SOBRAL;V.C.EMPREENDIMENTOS LTDA; 03.551.935/0002-35;AVENIDA JOSE EUCLIDES FERREIRA GOMES;30;POSTO FLASH;CORACAO DE JESUS;62043-070;ETANOL;01/01/2025;5,29;;R$ / litro;RAIZEN
NE;CE;SOBRAL;CENTER POSTO COMERCIAL LTDA; 02.905.892/0001-03;AVENIDA JOSE ARIMATEIA MONTE E SILVA;425;;CAMPOS DOS VELHOS;62114-000;GASOLINA;01/01/2025;6,69;;R$ / litro;VIBRA
NE;CE;SOBRAL;CENTER POSTO COMERCIAL LTDA; 02.905.892/0001-03;AVENIDA JOSE ARIMATEIA MONTE E SILVA;425;;CAMPOS DOS VELHOS;62114-000;GASOLINA ADITIVADA;01/01/2025;6,79;;R$ / litro;VIBRA
NE;CE;SOBRAL;CENTER POSTO COMERCIAL LTDA; 02.905.892/0001-03;AVENIDA JOSE ARIMATEIA MONTE E SILVA;425;;CAMPOS DOS VELHOS;62114-000;DIESEL S10;01/01/2025;6,39;;R$ / litro;VIBRA
NE;CE;SOBRAL;CENTER POSTO COMERCIAL LTDA; 02.905.892/0001-03;AVENIDA JOSE ARIMATEIA MONTE E SILVA;425;;CAMPOS DOS VELHOS;62114-000;ETANOL;01/01/2025;5,29;;R$ / litro;VIBRA
NE;CE;SOBRAL;V.C.EMPREENDIMENTOS LTDA; 03.551.935/0001-54;AVENIDA MONSENHOR JOSE ALOISIO PINTO;80;LOJA  01;DOM EXPEDITO;62050-255;GASOLINA;01/01/2025;6,69;;R$ / litro;IPIRANGA
NE;CE;SOBRAL;V.C.EMPREENDIMENTOS LTDA; 03.551.935/0001-54;AVENIDA MONSENHOR JOSE ALOISIO PINTO;80;LOJA  01;DOM EXPEDITO;62050-255;GASOLINA ADITIVADA;01/01/2025;6,69;;R$ / litro;IPIRANGA
NE;CE;SOBRAL;V.C.EMPREENDIMENTOS LTDA; 03.551.935/0001-54;AVENIDA MONSENHOR JOSE ALOISIO PINTO;80;LOJA  01;DOM EXPEDITO;62050-255;DIESEL S10;01/01/2025;6,39;;R$ / litro;IPIRANGA
NE;CE;SOBRAL;V.C.EMPREENDIMENTOS LTDA; 03.551.935/0001-54;AVENIDA MONSENHOR JOSE ALOISIO PINTO;80;LOJA  01;DOM EXPEDITO;62050-255;ETANOL;01/01/2025;5,29;;R$ / litro;IPIRANGA
NE;CE;SOBRAL;POSTO SAO DOMINGOS LTDA; 69.366.128/0001-70;AVENIDA DOUTOR GUARANI;854;;JOCELY DANTAS DE ANDRADE TORRES;62042-030;GASOLINA;01/01/2025;6,69;;R$ / litro;RAIZEN
NE;CE;SOBRAL;POSTO SAO DOMINGOS LTDA; 69.366.128/0001-70;AVENIDA DOUTOR GUARANI;854;;JOCELY DANTAS DE ANDRADE TORRES;62042-030;GASOLINA ADITIVADA;01/01/2025;6,99;;R$ / litro;RAIZEN
NE;CE;SOBRAL;POSTO SAO DOMINGOS LTDA; 69.366.128/0001-70;AVENIDA DOUTOR GUARANI;854;;JOCELY DANTAS DE ANDRADE TORRES;62042-030;DIESEL S10;01/01/2025;6,39;;R$ / litro;RAIZEN
NE;CE;SOBRAL;POSTO SAO DOMINGOS LTDA; 69.366.128/0001-70;AVENIDA DOUTOR GUARANI;854;;JOCELY DANTAS DE ANDRADE TORRES;62042-030;ETANOL;01/01/2025;5,29;;R$ / litro;RAIZEN
NE;CE;SOBRAL;POSTO PRINCESA DO NORTE LTDA; 01.914.855/0001-90;RUA MENINO DEUS;691;;CENTRO;62010-310;GASOLINA;01/01/2025;6,64;;R$ / litro;IPIRANGA
NE;CE;SOBRAL;POSTO PRINCESA DO NORTE LTDA; 01.914.855/0001-90;RUA MENINO DEUS;691;;CENTRO;62010-310;GASOLINA ADITIVADA;01/01/2025;6,84;;R$ / litro;IPIRANGA
NE;CE;SOBRAL;POSTO PRINCESA DO NORTE LTDA; 01.914.855/0001-90;RUA MENINO DEUS;691;;CENTRO;62010-310;DIESEL S10;01/01/2025;6,39;;R$ / litro;IPIRANGA
NE;CE;SOBRAL;POSTO PRINCESA DO NORTE LTDA; 01.914.855/0001-90;RUA MENINO DEUS;691;;CENTRO;62010-310;ETANOL;01/01/2025;5,14;;R$ / litro;IPIRANGA
CO;DF;BRASILIA;POSTO DAS AGUAS LTDA; 05.351.082/0001-32; QS 08 AVENIDA AGUAS CLARAS AREA ESPECIAL;4;TAGUATINGA;BRASILIA;71974-000;GASOLINA;01/01/2025;6,13;;R$ / litro;RAIZEN
CO;DF;BRASILIA;POSTO DAS AGUAS LTDA; 05.351.082/0001-32; QS 08 AVENIDA AGUAS CLARAS AREA ESPECIAL;4;TAGUATINGA;BRASILIA;71974-000;GASOLINA ADITIVADA;01/01/2025;6,73;;R$ / litro;RAIZEN
CO;DF;BRASILIA;POSTO DAS AGUAS LTDA; 05.351.082/0001-32; QS 08 AVENIDA AGUAS CLARAS AREA ESPECIAL;4;TAGUATINGA;BRASILIA;71974-000;DIESEL S10;01/01/2025;5,99;;R$ / litro;RAIZEN
CO;DF;BRASILIA;POSTO DAS AGUAS LTDA; 05.351.082/0001-32; QS 08 AVENIDA AGUAS CLARAS AREA ESPECIAL;4;TAGUATINGA;BRASILIA;71974-000;ETANOL;01/01/2025;4,09;;R$ / litro;RAIZEN
SE;MG;UBERLANDIA;OLIVEIRA CARNEIRO COMERCIO DE COMBUSTIVEIS LTDA; 07.857.349/0001-93;PRACA CLARINDA DE FREITAS;375;;PRESIDENTE ROOSEVELT;38401-081;GASOLINA;01/01/2025;5,87;;R$ / litro;BRANCA
SE;MG;UBERLANDIA;OLIVEIRA CARNEIRO COMERCIO DE COMBUSTIVEIS LTDA; 07.857.349/0001-93;PRACA CLARINDA DE FREITAS;375;;PRESIDENTE ROOSEVELT;38401-081;GASOLINA ADITIVADA;01/01/2025;5,87;;R$ / litro;BRANCA
SE;MG;UBERLANDIA;OLIVEIRA CARNEIRO COMERCIO DE COMBUSTIVEIS LTDA; 07.857.349/0001-93;PRACA CLARINDA DE FREITAS;375;;PRESIDENTE ROOSEVELT;38401-081;DIESEL;01/01/2025;5,89;;R$ / litro;BRANCA
SE;MG;UBERLANDIA;OLIVEIRA CARNEIRO COMERCIO DE COMBUSTIVEIS LTDA; 07.857.349/0001-93;PRACA CLARINDA DE FREITAS;375;;PRESIDENTE ROOSEVELT;38401-081;DIESEL S10;01/01/2025;5,99;;R$ / litro;BRANCA
SE;MG;UBERLANDIA;OLIVEIRA CARNEIRO COMERCIO DE COMBUSTIVEIS LTDA; 07.857.349/0001-93;PRACA CLARINDA DE FREITAS;375;;PRESIDENTE ROOSEVELT;38401-081;ETANOL;01/01/2025;3,87;;R$ / litro;BRANCA
SE;MG;UBERLANDIA;DELTA FENIX AUTO POSTO LTDA; 02.064.352/0001-36;AVENIDA IMBAUBA;1777;;TUBALINA-ST CAMPESTR;38402-266;GASOLINA;01/01/2025;5,95;;R$ / litro;BRANCA
SE;MG;UBERLANDIA;DELTA FENIX AUTO POSTO LTDA; 02.064.352/0001-36;AVENIDA IMBAUBA;1777;;TUBALINA-ST CAMPESTR;38402-266;GASOLINA ADITIVADA;01/01/2025;6,05;;R$ / litro;BRANCA
SE;MG;UBERLANDIA;DELTA FENIX AUTO POSTO LTDA; 02.064.352/0001-36;AVENIDA IMBAUBA;1777;;TUBALINA-ST CAMPESTR;38402-266;DIESEL;01/01/2025;5,77;;R$ / litro;BRANCA
SE;MG;UBERLANDIA;DELTA FENIX AUTO POSTO LTDA; 02.064.352/0001-36;AVENIDA IMBAUBA;1777;;TUBALINA-ST CAMPESTR;38402-266;DIESEL S10;01/01/2025;5,87;;R$ / litro;BRANCA
SE;MG;UBERLANDIA;DELTA FENIX AUTO POSTO LTDA; 02.064.352/0001-36;AVENIDA IMBAUBA;1777;;TUBALINA-ST CAMPESTR;38402-266;ETANOL;01/01/2025;3,95;;R$ / litro;BRANCA
SE;MG;UBERLANDIA;CERRADO COMBUSTIVEIS LTDA; 02.927.654/0001-90;RODOVIA BR - 452;S/N;KM    128 5 ANEL VIARIO;INDUSTRIAL;38405-230;GASOLINA ADITIVADA;01/01/2025;6,79;;R$ / litro;IPIRANGA
SE;MG;UBERLANDIA;CERRADO COMBUSTIVEIS LTDA; 02.927.654/0001-90;RODOVIA BR - 452;S/N;KM    128 5 ANEL VIARIO;INDUSTRIAL;38405-230;DIESEL;01/01/2025;5,89;;R$ / litro;IPIRANGA
SE;MG;UBERLANDIA;CERRADO COMBUSTIVEIS LTDA; 02.927.654/0001-90;RODOVIA BR - 452;S/N;KM    128 5 ANEL VIARIO;INDUSTRIAL;38405-230;DIESEL S10;01/01/2025;5,99;;R$ / litro;IPIRANGA
SE;MG;UBERLANDIA;CERRADO COMBUSTIVEIS LTDA; 02.927.654/0001-90;RODOVIA BR - 452;S/N;KM    128 5 ANEL VIARIO;INDUSTRIAL;38405-230;ETANOL;01/01/2025;4,59;;R$ / litro;IPIRANGA
SE;MG;UBERLANDIA;POSTO 6 LTDA; 04.471.418/0001-38;AVENIDA TAYLOR SILVA;824;;PARQUE GUARANI III;38415-402;GASOLINA;01/01/2025;5,85;;R$ / litro;BRANCA
SE;MG;UBERLANDIA;POSTO 6 LTDA; 04.471.418/0001-38;AVENIDA TAYLOR SILVA;824;;PARQUE GUARANI III;38415-402;GASOLINA ADITIVADA;01/01/2025;6,09;;R$ / litro;BRANCA
SE;MG;UBERLANDIA;POSTO 6 LTDA; 04.471.418/0001-38;AVENIDA TAYLOR SILVA;824;;PARQUE GUARANI III;38415-402;DIESEL;01/01/2025;5,69;;R$ / litro;BRANCA
SE;MG;UBERLANDIA;POSTO 6 LTDA; 04.471.418/0001-38;AVENIDA TAYLOR SILVA;824;;PARQUE GUARANI III;38415-402;DIESEL S10;01/01/2025;5,79;;R$ / litro;BRANCA
SE;MG;UBERLANDIA;POSTO 6 LTDA; 04.471.418/0001-38;AVENIDA TAYLOR SILVA;824;;PARQUE GUARANI III;38415-402;ETANOL;01/01/2025;3,95;;R$ / litro;BRANCA
SE;MG;UBERLANDIA;AUTO POSTO BIGUA LTDA; 03.817.826/0001-36;AVENIDA JOAO PESSOA;1180;;BOM JESUS;38405-324;GASOLINA;01/01/2025;5,97;;R$ / litro;RAIZEN
SE;MG;UBERLANDIA;AUTO POSTO BIGUA LTDA; 03.817.826/0001-36;AVENIDA JOAO PESSOA;1180;;BOM JESUS;38405-324;GASOLINA ADITIVADA;01/01/2025;6,37;;R$ / litro;RAIZEN
SE;MG;UBERLANDIA;AUTO POSTO BIGUA LTDA; 03.817.826/0001-36;AVENIDA JOAO PESSOA;1180;;BOM JESUS;38405-324;ETANOL;01/01/2025;3,97;;R$ / litro;RAIZEN
SE;MG;UBERLANDIA;POSTO ANDRADAS LTDA; 03.805.145/0001-58;RUA MONTE CARMELO;1202;;MARTINS;38400-470;GASOLINA;01/01/2025;5,86;;R$ / litro;VIBRA
SE;MG;UBERLANDIA;POSTO ANDRADAS LTDA; 03.805.145/0001-58;RUA MONTE CARMELO;1202;;MARTINS;38400-470;GASOLINA ADITIVADA;01/01/2025;5,96;;R$ / litro;VIBRA
SE;MG;UBERLANDIA;POSTO ANDRADAS LTDA; 03.805.145/0001-58;RUA MONTE CARMELO;1202;;MARTINS;38400-470;DIESEL S10;01/01/2025;5,98;;R$ / litro;VIBRA
SE;MG;UBERLANDIA;POSTO ANDRADAS LTDA; 03.805.145/0001-58;RUA MONTE CARMELO;1202;;MARTINS;38400-470;ETANOL;01/01/2025;3,86;;R$ / litro;VIBRA
SE;RJ;CAMPOS DOS GOYTACAZES;POSTO DE COMBUSTIVEIS CONTORNO DE CAMPOS LTDA; 31.212.889/0002-85;AVENIDA NILO PECANHA;614;/822 PATIO;PQ SANTO AMARO;28030-035;GNV;01/01/2025;5,39;;R$ / m³;VIBRA
SE;RJ;CAMPOS DOS GOYTACAZES;POSTO DE COMBUSTIVEIS CONTORNO DE CAMPOS LTDA; 31.212.889/0002-85;AVENIDA NILO PECANHA;614;/822 PATIO;PQ SANTO AMARO;28030-035;GASOLINA;01/01/2025;6,49;;R$ / litro;VIBRA
SE;RJ;CAMPOS DOS GOYTACAZES;POSTO DE COMBUSTIVEIS CONTORNO DE CAMPOS LTDA; 31.212.889/0002-85;AVENIDA NILO PECANHA;614;/822 PATIO;PQ SANTO AMARO;28030-035;GASOLINA ADITIVADA;01/01/2025;6,69;;R$ / litro;VIBRA
SE;RJ;CAMPOS DOS GOYTACAZES;POSTO DE COMBUSTIVEIS CONTORNO DE CAMPOS LTDA; 31.212.889/0002-85;AVENIDA NILO PECANHA;614;/822 PATIO;PQ SANTO AMARO;28030-035;ETANOL;01/01/2025;4,79;;R$ / litro;VIBRA
SE;RJ;CAMPOS DOS GOYTACAZES;POSTO DE COMBUSTIVEIS B J LTDA; 06.211.735/0001-40;RUA BENEDITO QUEIROZ;1;;TURF CLUB;28024-040;GASOLINA;01/01/2025;6,42;;R$ / litro;BRANCA
SE;RJ;CAMPOS DOS GOYTACAZES;POSTO DE COMBUSTIVEIS B J LTDA; 06.211.735/0001-40;RUA BENEDITO QUEIROZ;1;;TURF CLUB;28024-040;DIESEL S10;01/01/2025;6,09;;R$ / litro;BRANCA
SE;RJ;CAMPOS DOS GOYTACAZES;POSTO DE COMBUSTIVEIS B J LTDA; 06.211.735/0001-40;RUA BENEDITO QUEIROZ;1;;TURF CLUB;28024-040;ETANOL;01/01/2025;4,74;;R$ / litro;BRANCA
SE;RJ;CAMPOS DOS GOYTACAZES;CORDEIRO BARROSO PETROLEO LTDA; 05.064.564/0001-01;AVENIDA VINTE E OITO DE MARCO;458;;CENTRO;28020-740;GNV;01/01/2025;5,39;;R$ / m³;VIBRA
SE;RJ;CAMPOS DOS GOYTACAZES;CORDEIRO BARROSO PETROLEO LTDA; 05.064.564/0001-01;AVENIDA VINTE E OITO DE MARCO;458;;CENTRO;28020-740;GASOLINA;01/01/2025;6,49;;R$ / litro;VIBRA
SE;RJ;CAMPOS DOS GOYTACAZES;CORDEIRO BARROSO PETROLEO LTDA; 05.064.564/0001-01;AVENIDA VINTE E OITO DE MARCO;458;;CENTRO;28020-740;GASOLINA ADITIVADA;01/01/2025;6,62;;R$ / litro;VIBRA
SE;RJ;CAMPOS DOS GOYTACAZES;CORDEIRO BARROSO PETROLEO LTDA; 05.064.564/0001-01;AVENIDA VINTE E OITO DE MARCO;458;;CENTRO;28020-740;ETANOL;01/01/2025;4,79;;R$ / litro;VIBRA
SE;RJ;CAMPOS DOS GOYTACAZES;POSTO DE SERVICOS SAO SALVADOR LTDA; 28.875.086/0002-04;AVENIDA DEPUTADO ALAIR FERREIRA;109;ANEXO 113;TURFF CLUB;28010-810;GNV;01/01/2025;5,39;;R$ / m³;IPIRANGA
SE;RJ;CAMPOS DOS GOYTACAZES;POSTO DE SERVICOS SAO SALVADOR LTDA; 28.875.086/0002-04;AVENIDA DEPUTADO ALAIR FERREIRA;109;ANEXO 113;TURFF CLUB;28010-810;GASOLINA;01/01/2025;6,49;;R$ / litro;IPIRANGA
SE;RJ;CAMPOS DOS GOYTACAZES;POSTO DE SERVICOS SAO SALVADOR LTDA; 28.875.086/0002-04;AVENIDA DEPUTADO ALAIR FERREIRA;109;ANEXO 113;TURFF CLUB;28010-810;GASOLINA ADITIVADA;01/01/2025;6,56;;R$ / litro;IPIRANGA
SE;RJ;CAMPOS DOS GOYTACAZES;POSTO DE SERVICOS SAO SALVADOR LTDA; 28.875.086/0002-04;AVENIDA DEPUTADO ALAIR FERREIRA;109;ANEXO 113;TURFF CLUB;28010-810;ETANOL;01/01/2025;4,79;;R$ / litro;IPIRANGA
SE;RJ;CAMPOS DOS GOYTACAZES;POSTO DE SERVICOS SAO SALVADOR LTDA; 28.875.086/0001-15;RODOVIA SOUTO MAIOR;182;;GOITACAZES;28148-000;GNV;01/01/2025;5,39;;R$ / m³;IPIRANGA
SE;RJ;CAMPOS DOS GOYTACAZES;POSTO DE SERVICOS SAO SALVADOR LTDA; 28.875.086/0001-15;RODOVIA SOUTO MAIOR;182;;GOITACAZES;28148-000;GASOLINA;01/01/2025;6,43;;R$ / litro;IPIRANGA
SE;RJ;CAMPOS DOS GOYTACAZES;POSTO DE SERVICOS SAO SALVADOR LTDA; 28.875.086/0001-15;RODOVIA SOUTO MAIOR;182;;GOITACAZES;28148-000;GASOLINA ADITIVADA;01/01/2025;6,53;;R$ / litro;IPIRANGA
SE;RJ;CAMPOS DOS GOYTACAZES;POSTO DE SERVICOS SAO SALVADOR LTDA; 28.875.086/0001-15;RODOVIA SOUTO MAIOR;182;;GOITACAZES;28148-000;DIESEL;01/01/2025;6,09;;R$ / litro;IPIRANGA
SE;RJ;CAMPOS DOS GOYTACAZES;POSTO DE SERVICOS SAO SALVADOR LTDA; 28.875.086/0001-15;RODOVIA SOUTO MAIOR;182;;GOITACAZES;28148-000;DIESEL S10;01/01/2025;6,19;;R$ / litro;IPIRANGA
SE;RJ;CAMPOS DOS GOYTACAZES;POSTO DE SERVICOS SAO SALVADOR LTDA; 28.875.086/0001-15;RODOVIA SOUTO MAIOR;182;;GOITACAZES;28148-000;ETANOL;01/01/2025;4,72;;R$ / litro;IPIRANGA
SE;RJ;CAMPOS DOS GOYTACAZES;POSTO SAO LUCAS DE CAMPOS LTDA; 04.718.173/0001-09;RODOVIA BR-101 KM 80,5;S/N;;IBITIOCA;28120-000;GASOLINA;01/01/2025;5,69;;R$ / litro;RAIZEN
SE;RJ;CAMPOS DOS GOYTACAZES;POSTO SAO LUCAS DE CAMPOS LTDA; 04.718.173/0001-09;RODOVIA BR-101 KM 80,5;S/N;;IBITIOCA;28120-000;DIESEL;01/01/2025;5,79;;R$ / litro;RAIZEN
SE;RJ;CAMPOS DOS GOYTACAZES;POSTO SAO LUCAS DE CAMPOS LTDA; 04.718.173/0001-09;RODOVIA BR-101 KM 80,5;S/N;;IBITIOCA;28120-000;ETANOL;01/01/2025;4,19;;R$ / litro;RAIZEN
SE;RJ;CAMPOS DOS GOYTACAZES;POSTO DE GASOLINA TURF-CLUB LTDA; 39.695.887/0001-15;RUA RIACHUELO;652;652/658;TURF CLUB;28013-450;GNV;01/01/2025;5,39;;R$ / m³;IPIRANGA
SE;RJ;CAMPOS DOS GOYTACAZES;POSTO DE GASOLINA TURF-CLUB LTDA; 39.695.887/0001-15;RUA RIACHUELO;652;652/658;TURF CLUB;28013-450;GASOLINA;01/01/2025;6,49;;R$ / litro;IPIRANGA
SE;RJ;CAMPOS DOS GOYTACAZES;POSTO DE GASOLINA TURF-CLUB LTDA; 39.695.887/0001-15;RUA RIACHUELO;652;652/658;TURF CLUB;28013-450;GASOLINA ADITIVADA;01/01/2025;6,56;;R$ / litro;IPIRANGA
SE;RJ;CAMPOS DOS GOYTACAZES;POSTO DE COMBUSTIVEL E LANCHONETE NOSSA SENHORA DA CONCEICAO DE DONANA LTDA; 39.686.407/0001-50;AVENIDA LOURIVAL MARTINS BEDA;575;;DANANA;28030-002;GASOLINA;01/01/2025;6,42;;R$ / litro;BRANCA
SE;RJ;CAMPOS DOS GOYTACAZES;POSTO DE COMBUSTIVEL E LANCHONETE NOSSA SENHORA DA CONCEICAO DE DONANA LTDA; 39.686.407/0001-50;AVENIDA LOURIVAL MARTINS BEDA;575;;DANANA;28030-002;DIESEL;01/01/2025;5,88;;R$ / litro;BRANCA
SE;RJ;CAMPOS DOS GOYTACAZES;POSTO DE COMBUSTIVEL E LANCHONETE NOSSA SENHORA DA CONCEICAO DE DONANA LTDA; 39.686.407/0001-50;AVENIDA LOURIVAL MARTINS BEDA;575;;DANANA;28030-002;DIESEL S10;01/01/2025;5,95;;R$ / litro;BRANCA
SE;RJ;CAMPOS DOS GOYTACAZES;POSTO DE COMBUSTIVEL E LANCHONETE NOSSA SENHORA DA CONCEICAO DE DONANA LTDA; 39.686.407/0001-50;AVENIDA LOURIVAL MARTINS BEDA;575;;DANANA;28030-002;ETANOL;01/01/2025;4,74;;R$ / litro;BRANCA
SE;RJ;CAMPOS DOS GOYTACAZES;POSTO SANTO ANDRE LTDA; 28.888.915/0001-02;RODOVIA RAUL SOUTO MAIOR;114;;GOYTACAZES;28100-000;GASOLINA;01/01/2025;6,49;;R$ / litro;VIBRA
SE;RJ;CAMPOS DOS GOYTACAZES;TOP SET AUTO POSTO LTDA; 28.346.559/0001-97;AVENIDA OSWALDO CARDOSO DE MELO;295;0;CENTRO;28030-110;GNV;01/01/2025;5,39;;R$ / m³;IPIRANGA
SE;RJ;CAMPOS DOS GOYTACAZES;TOP SET AUTO POSTO LTDA; 28.346.559/0001-97;AVENIDA OSWALDO CARDOSO DE MELO;295;0;CENTRO;28030-110;GASOLINA;01/01/2025;6,49;;R$ / litro;IPIRANGA
SE;RJ;CAMPOS DOS GOYTACAZES;TOP SET AUTO POSTO LTDA; 28.346.559/0001-97;AVENIDA OSWALDO CARDOSO DE MELO;295;0;CENTRO;28030-110;GASOLINA ADITIVADA;01/01/2025;6,49;;R$ / litro;IPIRANGA
SE;RJ;CAMPOS DOS GOYTACAZES;TOP SET AUTO POSTO LTDA; 28.346.559/0001-97;AVENIDA OSWALDO CARDOSO DE MELO;295;0;CENTRO;28030-110;DIESEL S10;01/01/2025;5,99;;R$ / litro;IPIRANGA
SE;RJ;CAMPOS DOS GOYTACAZES;TOP SET AUTO POSTO LTDA; 28.346.559/0001-97;AVENIDA OSWALDO CARDOSO DE MELO;295;0;CENTRO;28030-110;ETANOL;01/01/2025;4,79;;R$ / litro;IPIRANGA
SE;RJ;CAMPOS DOS GOYTACAZES;CAMPOS GAROUPA LTDA.; 03.581.079/0002-60;AVENIDA 15 DE NOVEMBRO;353;;CENTRO;28030-002;GASOLINA ADITIVADA;01/01/2025;6,47;;R$ / litro;BRANCA
SE;RJ;CAMPOS DOS GOYTACAZES;CAMPOS GAROUPA LTDA.; 03.581.079/0002-60;AVENIDA 15 DE NOVEMBRO;353;;CENTRO;28030-002;DIESEL S10;01/01/2025;6,09;;R$ / litro;BRANCA
SE;RJ;CAMPOS DOS GOYTACAZES;CAMPOS GAROUPA LTDA.; 03.581.079/0002-60;AVENIDA 15 DE NOVEMBRO;353;;CENTRO;28030-002;ETANOL;01/01/2025;4,74;;R$ / litro;BRANCA
SE;RJ;CAMPOS DOS GOYTACAZES;CAMPOS GAROUPA LTDA.; 03.581.079/0002-60;AVENIDA 15 DE NOVEMBRO;353;;CENTRO;28030-002;GNV;01/01/2025;5,39;;R$ / m³;BRANCA
SE;RJ;CAMPOS DOS GOYTACAZES;CAMPOS GAROUPA LTDA.; 03.581.079/0002-60;AVENIDA 15 DE NOVEMBRO;353;;CENTRO;28030-002;GASOLINA;01/01/2025;6,44;;R$ / litro;BRANCA
SE;RJ;CAMPOS DOS GOYTACAZES;REDE ENERGIA LTDA; 03.433.342/0001-93;RUA ALBERTO LAMEGO;895/;905;CENTRO;28015-622;GASOLINA;01/01/2025;6,44;;R$ / litro;BRANCA
SE;RJ;CAMPOS DOS GOYTACAZES;REDE ENERGIA LTDA; 03.433.342/0001-93;RUA ALBERTO LAMEGO;895/;905;CENTRO;28015-622;GASOLINA ADITIVADA;01/01/2025;6,49;;R$ / litro;BRANCA
SE;RJ;CAMPOS DOS GOYTACAZES;REDE ENERGIA LTDA; 03.433.342/0001-93;RUA ALBERTO LAMEGO;895/;905;CENTRO;28015-622;DIESEL;01/01/2025;6,05;;R$ / litro;BRANCA
SE;RJ;CAMPOS DOS GOYTACAZES;REDE ENERGIA LTDA; 03.433.342/0001-93;RUA ALBERTO LAMEGO;895/;905;CENTRO;28015-622;DIESEL S10;01/01/2025;6,09;;R$ / litro;BRANCA
SE;RJ;CAMPOS DOS GOYTACAZES;REDE ENERGIA LTDA; 03.433.342/0001-93;RUA ALBERTO LAMEGO;895/;905;CENTRO;28015-622;ETANOL;01/01/2025;4,74;;R$ / litro;BRANCA
NE;RN;CAICO;AUTO POSTO IRMAOS LTDA; 08.533.200/0001-11;RUA RENATO DANTAS;787;;CENTRO;59300-000;GASOLINA;01/01/2025;6,19;;R$ / litro;RAIZEN
NE;RN;CAICO;AUTO POSTO IRMAOS LTDA; 08.533.200/0001-11;RUA RENATO DANTAS;787;;CENTRO;59300-000;GASOLINA ADITIVADA;01/01/2025;6,41;;R$ / litro;RAIZEN
NE;RN;CAICO;AUTO POSTO IRMAOS LTDA; 08.533.200/0001-11;RUA RENATO DANTAS;787;;CENTRO;59300-000;DIESEL;01/01/2025;6,59;;R$ / litro;RAIZEN
NE;RN;CAICO;AUTO POSTO IRMAOS LTDA; 08.533.200/0001-11;RUA RENATO DANTAS;787;;CENTRO;59300-000;ETANOL;01/01/2025;4,29;;R$ / litro;RAIZEN
NE;RN;CAICO;POSTO CAICO LTDA; 04.209.396/0001-32;RUA MANOEL GONCALVES DE MELO;375;;BARRA NOVA;59300-000;GASOLINA;01/01/2025;5,79;;R$ / litro;VIBRA
NE;RN;CAICO;POSTO CAICO LTDA; 04.209.396/0001-32;RUA MANOEL GONCALVES DE MELO;375;;BARRA NOVA;59300-000;DIESEL;01/01/2025;6,49;;R$ / litro;VIBRA
NE;RN;CAICO;POSTO CAICO LTDA; 04.209.396/0001-32;RUA MANOEL GONCALVES DE MELO;375;;BARRA NOVA;59300-000;DIESEL S10;01/01/2025;6,59;;R$ / litro;VIBRA
NE;RN;CAICO;POSTO CAICO LTDA; 04.209.396/0001-32;RUA MANOEL GONCALVES DE MELO;375;;BARRA NOVA;59300-000;ETANOL;01/01/2025;3,99;;R$ / litro;VIBRA
NE;RN;CAICO;POSTO JULIANA LTDA; 00.766.198/0001-19;RUA MANOEL G DE MELO;203;;BARRA NOVA;59300-000;GASOLINA;01/01/2025;5,79;;R$ / litro;BRANCA
NE;RN;CAICO;POSTO JULIANA LTDA; 00.766.198/0001-19;RUA MANOEL G DE MELO;203;;BARRA NOVA;59300-000;GASOLINA ADITIVADA;01/01/2025;5,79;;R$ / litro;BRANCA
NE;RN;CAICO;POSTO JULIANA LTDA; 00.766.198/0001-19;RUA MANOEL G DE MELO;203;;BARRA NOVA;59300-000;DIESEL;01/01/2025;6,49;;R$ / litro;BRANCA
NE;RN;CAICO;POSTO JULIANA LTDA; 00.766.198/0001-19;RUA MANOEL G DE MELO;203;;BARRA NOVA;59300-000;DIESEL S10;01/01/2025;6,59;;R$ / litro;BRANCA
NE;RN;CAICO;POSTO JULIANA LTDA; 00.766.198/0001-19;RUA MANOEL G DE MELO;203;;BARRA NOVA;59300-000;ETANOL;01/01/2025;3,99;;R$ / litro;BRANCA
S;RS;VACARIA;PG COMERCIO E TRANSPORTES DE COMBUSTIVEIS LTDA; 88.645.635/0001-97;AVENIDA MILITAR;2525;;GLORIA;95216-014;GASOLINA;01/01/2025;6,39;;R$ / litro;IPIRANGA
S;RS;VACARIA;PG COMERCIO E TRANSPORTES DE COMBUSTIVEIS LTDA; 88.645.635/0001-97;AVENIDA MILITAR;2525;;GLORIA;95216-014;GASOLINA ADITIVADA;01/01/2025;6,52;;R$ / litro;IPIRANGA
S;RS;VACARIA;PG COMERCIO E TRANSPORTES DE COMBUSTIVEIS LTDA; 88.645.635/0001-97;AVENIDA MILITAR;2525;;GLORIA;95216-014;DIESEL;01/01/2025;6,32;;R$ / litro;IPIRANGA
S;RS;VACARIA;PG COMERCIO E TRANSPORTES DE COMBUSTIVEIS LTDA; 88.645.635/0001-97;AVENIDA MILITAR;2525;;GLORIA;95216-014;ETANOL;01/01/2025;5,84;;R$ / litro;IPIRANGA
SE;SP;SAO PAULO;AUTO POSTO MISTRAL LTDA.; 04.937.358/0001-04;AVENIDA PROFESSOR ALFONSO BOVERO;703;;SUMARE;05019-011;GASOLINA;01/01/2025;5,99;;R$ / litro;VIBRA
SE;SP;SAO PAULO;AUTO POSTO MISTRAL LTDA.; 04.937.358/0001-04;AVENIDA PROFESSOR ALFONSO BOVERO;703;;SUMARE;05019-011;GASOLINA ADITIVADA;01/01/2025;5,99;;R$ / litro;VIBRA
SE;SP;SAO PAULO;AUTO POSTO MISTRAL LTDA.; 04.937.358/0001-04;AVENIDA PROFESSOR ALFONSO BOVERO;703;;SUMARE;05019-011;ETANOL;01/01/2025;3,99;;R$ / litro;VIBRA
SE;SP;SAO PAULO;AUTO POSTO DUQUE CITY LTDA; 04.765.173/0001-51;RUA ELISA DE MORAES MENDES;781;;ALTO DE PINHEIROS;05449-001;GASOLINA;01/01/2025;7,99;;R$ / litro;VIBRA
SE;SP;SAO PAULO;AUTO POSTO DUQUE CITY LTDA; 04.765.173/0001-51;RUA ELISA DE MORAES MENDES;781;;ALTO DE PINHEIROS;05449-001;GASOLINA ADITIVADA;01/01/2025;8,39;;R$ / litro;VIBRA
SE;SP;SAO PAULO;AUTO POSTO DUQUE CITY LTDA; 04.765.173/0001-51;RUA ELISA DE MORAES MENDES;781;;ALTO DE PINHEIROS;05449-001;ETANOL;01/01/2025;5,89;;R$ / litro;VIBRA
SE;SP;SAO PAULO;AUTO POSTO NOVO CENTRO LTDA; 02.646.144/0001-45;RUA ASDRUBAL DO NASCIMENTO;175;177/183;CENTRO;01316-030;GASOLINA;01/01/2025;5,79;;R$ / litro;VIBRA
SE;SP;SAO PAULO;AUTO POSTO NOVO CENTRO LTDA; 02.646.144/0001-45;RUA ASDRUBAL DO NASCIMENTO;175;177/183;CENTRO;01316-030;GASOLINA ADITIVADA;01/01/2025;5,99;;R$ / litro;VIBRA
SE;SP;SAO PAULO;AUTO POSTO NOVO CENTRO LTDA; 02.646.144/0001-45;RUA ASDRUBAL DO NASCIMENTO;175;177/183;CENTRO;01316-030;ETANOL;01/01/2025;3,79;;R$ / litro;VIBRA
SE;SP;SAO PAULO;AUTO POSTO LIDER SANTOS DUMONT LTDA; 00.016.969/0001-50;AVENIDA DO ESTADO;986;;BOM RETIRO;01108-000;GNV;01/01/2025;4,26;;R$ / m³;VIBRA
SE;SP;SAO PAULO;AUTO POSTO LIDER SANTOS DUMONT LTDA; 00.016.969/0001-50;AVENIDA DO ESTADO;986;;BOM RETIRO;01108-000;GASOLINA;01/01/2025;5,66;;R$ / litro;VIBRA
SE;SP;SAO PAULO;AUTO POSTO LIDER SANTOS DUMONT LTDA; 00.016.969/0001-50;AVENIDA DO ESTADO;986;;BOM RETIRO;01108-000;DIESEL S10;01/01/2025;5,83;;R$ / litro;VIBRA
SE;SP;SAO PAULO;AUTO POSTO LIDER SANTOS DUMONT LTDA; 00.016.969/0001-50;AVENIDA DO ESTADO;986;;BOM RETIRO;01108-000;ETANOL;01/01/2025;3,77;;R$ / litro;VIBRA
SE;SP;TAUBATE;AUTO POSTO PETROVAL LTDA; 45.172.608/0001-31;AVENIDA JUCELINO K OLIVEIRA;701;;CENTRO;12010-000;GASOLINA;01/01/2025;6,04;;R$ / litro;VIBRA
SE;SP;TAUBATE;AUTO POSTO PETROVAL LTDA; 45.172.608/0001-31;AVENIDA JUCELINO K OLIVEIRA;701;;CENTRO;12010-000;GASOLINA ADITIVADA;01/01/2025;6,24;;R$ / litro;VIBRA
SE;SP;TAUBATE;AUTO POSTO PETROVAL LTDA; 45.172.608/0001-31;AVENIDA JUCELINO K OLIVEIRA;701;;CENTRO;12010-000;DIESEL;01/01/2025;6,25;;R$ / litro;VIBRA
SE;SP;TAUBATE;AUTO POSTO PETROVAL LTDA; 45.172.608/0001-31;AVENIDA JUCELINO K OLIVEIRA;701;;CENTRO;12010-000;DIESEL S10;01/01/2025;6,35;;R$ / litro;VIBRA
SE;SP;TAUBATE;AUTO POSTO PETROVAL LTDA; 45.172.608/0001-31;AVENIDA JUCELINO K OLIVEIRA;701;;CENTRO;12010-000;ETANOL;01/01/2025;4,24;;R$ / litro;VIBRA
SE;SP;TAUBATE;SETE ESTRELAS COMERCIO DE DERIVADOS DE PETROLEO LTDA; 00.256.893/0011-02;AVENIDA CHARLES SCHNNEIDER;1775;;VILA PROGRESSO;12040-001;GNV;01/01/2025;4,99;;R$ / m³;BRANCA
SE;SP;TAUBATE;SETE ESTRELAS COMERCIO DE DERIVADOS DE PETROLEO LTDA; 00.256.893/0011-02;AVENIDA CHARLES SCHNNEIDER;1775;;VILA PROGRESSO;12040-001;GASOLINA;01/01/2025;5,59;;R$ / litro;BRANCA
SE;SP;TAUBATE;SETE ESTRELAS COMERCIO DE DERIVADOS DE PETROLEO LTDA; 00.256.893/0011-02;AVENIDA CHARLES SCHNNEIDER;1775;;VILA PROGRESSO;12040-001;GASOLINA ADITIVADA;01/01/2025;5,64;;R$ / litro;BRANCA
SE;SP;TAUBATE;SETE ESTRELAS COMERCIO DE DERIVADOS DE PETROLEO LTDA; 00.256.893/0011-02;AVENIDA CHARLES SCHNNEIDER;1775;;VILA PROGRESSO;12040-001;DIESEL S10;01/01/2025;5,69;;R$ / litro;BRANCA
SE;SP;TAUBATE;SETE ESTRELAS COMERCIO DE DERIVADOS DE PETROLEO LTDA; 00.256.893/0011-02;AVENIDA CHARLES SCHNNEIDER;1775;;VILA PROGRESSO;12040-001;ETANOL;01/01/2025;3,79;;R$ / litro;BRANCA
SE;MG;BELO HORIZONTE;POSTO SAO JOAO COMB E LUBR LTDA; 17.187.832/0001-61;RUA DESEMBARGADOR BARCELOS;196;;CALAFATE;30480-250;GASOLINA;01/01/2025;5,99;;R$ / litro;RAIZEN
SE;MG;BELO HORIZONTE;POSTO SAO JOAO COMB E LUBR LTDA; 17.187.832/0001-61;RUA DESEMBARGADOR BARCELOS;196;;CALAFATE;30480-250;GASOLINA ADITIVADA;01/01/2025;6,39;;R$ / litro;RAIZEN
SE;MG;BELO HORIZONTE;POSTO SAO JOAO COMB E LUBR LTDA; 17.187.832/0001-61;RUA DESEMBARGADOR BARCELOS;196;;CALAFATE;30480-250;DIESEL S10;01/01/2025;5,99;;R$ / litro;RAIZEN
SE;MG;BELO HORIZONTE;POSTO SAO JOAO COMB E LUBR LTDA; 17.187.832/0001-61;RUA DESEMBARGADOR BARCELOS;196;;CALAFATE;30480-250;ETANOL;01/01/2025;4,29;;R$ / litro;RAIZEN
SE;MG;BELO HORIZONTE;POSTO TOCANTINS LTDA; 17.462.474/0001-58;AVENIDA DO CONTORNO;1955;;FLORESTA;30110-008;GASOLINA;01/01/2025;5,99;;R$ / litro;VIBRA
SE;MG;BELO HORIZONTE;POSTO TOCANTINS LTDA; 17.462.474/0001-58;AVENIDA DO CONTORNO;1955;;FLORESTA;30110-008;GASOLINA ADITIVADA;01/01/2025;6,29;;R$ / litro;VIBRA
SE;MG;BELO HORIZONTE;POSTO DE COMBUSTIVEIS SANTO AGOSTINHO LTDA; 06.349.404/0001-71;AVENIDA AMAZONAS;2381;;SANTO AGOSTINHO;30180-002;GNV;01/01/2025;4,87;;R$ / m³;BRANCA
SE;MG;BELO HORIZONTE;POSTO DE COMBUSTIVEIS SANTO AGOSTINHO LTDA; 06.349.404/0001-71;AVENIDA AMAZONAS;2381;;SANTO AGOSTINHO;30180-002;GASOLINA;01/01/2025;5,99;;R$ / litro;BRANCA
SE;MG;BELO HORIZONTE;POSTO DE COMBUSTIVEIS SANTO AGOSTINHO LTDA; 06.349.404/0001-71;AVENIDA AMAZONAS;2381;;SANTO AGOSTINHO;30180-002;ETANOL;01/01/2025;4,19;;R$ / litro;BRANCA
SE;MG;BELO HORIZONTE;POSTO CN LTDA; 07.362.678/0001-63;AVENIDA CRISTIANO MACHADO;1383;;DA GRACA;31140-660;GASOLINA;01/01/2025;5,99;;R$ / litro;RAIZEN
SE;MG;BELO HORIZONTE;POSTO CN LTDA; 07.362.678/0001-63;AVENIDA CRISTIANO MACHADO;1383;;DA GRACA;31140-660;GASOLINA ADITIVADA;01/01/2025;6,39;;R$ / litro;RAIZEN
SE;MG;BELO HORIZONTE;POSTO CN LTDA; 07.362.678/0001-63;AVENIDA CRISTIANO MACHADO;1383;;DA GRACA;31140-660;ETANOL;01/01/2025;4,29;;R$ / litro;RAIZEN
SE;MG;BELO HORIZONTE;POSTO ALLGAS LTDA; 05.351.360/0001-51;AVENIDA SARAMENHA;1632;;GUARANI;31840-220;GASOLINA;01/01/2025;6,17;;R$ / litro;RAIZEN
SE;MG;BELO HORIZONTE;POSTO ALLGAS LTDA; 05.351.360/0001-51;AVENIDA SARAMENHA;1632;;GUARANI;31840-220;GASOLINA ADITIVADA;01/01/2025;6,57;;R$ / litro;RAIZEN
SE;MG;BELO HORIZONTE;POSTO ALLGAS LTDA; 05.351.360/0001-51;AVENIDA SARAMENHA;1632;;GUARANI;31840-220;ETANOL;01/01/2025;4,39;;R$ / litro;RAIZEN
SE;MG;BELO HORIZONTE;POSTO PAULISTINHA LTDA; 01.438.754/0001-90;AVENIDA NOSSA SENHORA DE FATIMA;1612;;CARLOS PRATES;30710-020;GASOLINA;01/01/2025;5,99;;R$ / litro;RAIZEN
SE;MG;BELO HORIZONTE;POSTO PAULISTINHA LTDA; 01.438.754/0001-90;AVENIDA NOSSA SENHORA DE FATIMA;1612;;CARLOS PRATES;30710-020;GASOLINA ADITIVADA;01/01/2025;6,39;;R$ / litro;RAIZEN
SE;MG;BELO HORIZONTE;POSTO PAULISTINHA LTDA; 01.438.754/0001-90;AVENIDA NOSSA SENHORA DE FATIMA;1612;;CARLOS PRATES;30710-020;ETANOL;01/01/2025;4,19;;R$ / litro;RAIZEN
SE;MG;BELO HORIZONTE;POSTO TRANCOSO LTDA; 03.911.603/0001-33;RUA JOSE CLETO;1232;;SANTA CRUZ;31155-290;GASOLINA;01/01/2025;5,99;;R$ / litro;VIBRA
SE;MG;BELO HORIZONTE;POSTO TRANCOSO LTDA; 03.911.603/0001-33;RUA JOSE CLETO;1232;;SANTA CRUZ;31155-290;GASOLINA ADITIVADA;01/01/2025;6,29;;R$ / litro;VIBRA
SE;MG;BELO HORIZONTE;POSTO TRANCOSO LTDA; 03.911.603/0001-33;RUA JOSE CLETO;1232;;SANTA CRUZ;31155-290;DIESEL S10;01/01/2025;5,89;;R$ / litro;VIBRA
SE;MG;NOVA LIMA;CATALAO COMERCIAL LTDA; 17.968.538/0001-97;ROD. MG 030;8625;SHOPPING SERENA MALL;VALE DO SERENO;34000-000;ETANOL;01/01/2025;4,49;;R$ / litro;ALE
SE;MG;NOVA LIMA;CATALAO COMERCIAL LTDA; 17.968.538/0001-97;ROD. MG 030;8625;SHOPPING SERENA MALL;VALE DO SERENO;34000-000;GASOLINA;01/01/2025;6,29;;R$ / litro;ALE
SE;MG;NOVA LIMA;CATALAO COMERCIAL LTDA; 17.968.538/0001-97;ROD. MG 030;8625;SHOPPING SERENA MALL;VALE DO SERENO;34000-000;GASOLINA ADITIVADA;01/01/2025;6,49;;R$ / litro;ALE
SE;MG;NOVA LIMA;CATALAO COMERCIAL LTDA; 17.968.538/0001-97;ROD. MG 030;8625;SHOPPING SERENA MALL;VALE DO SERENO;34000-000;DIESEL S10;01/01/2025;5,99;;R$ / litro;ALE
SE;MG;BELO HORIZONTE;POSTO ITAPOA LTDA; 17.488.693/0001-06;AVENIDA AMAZONAS;2994;;BARROCA;30410-000;GNV;01/01/2025;4,87;;R$ / m³;IPIRANGA
SE;MG;BELO HORIZONTE;POSTO ITAPOA LTDA; 17.488.693/0001-06;AVENIDA AMAZONAS;2994;;BARROCA;30410-000;GASOLINA;01/01/2025;5,99;;R$ / litro;IPIRANGA
SE;MG;BELO HORIZONTE;POSTO ITAPOA LTDA; 17.488.693/0001-06;AVENIDA AMAZONAS;2994;;BARROCA;30410-000;GASOLINA ADITIVADA;01/01/2025;6,29;;R$ / litro;IPIRANGA
SE;MG;BELO HORIZONTE;POSTO ITAPOA LTDA; 17.488.693/0001-06;AVENIDA AMAZONAS;2994;;BARROCA;30410-000;DIESEL S10;01/01/2025;5,99;;R$ / litro;IPIRANGA
SE;MG;BELO HORIZONTE;POSTO ITAPOA LTDA; 17.488.693/0001-06;AVENIDA AMAZONAS;2994;;BARROCA;30410-000;ETANOL;01/01/2025;4,19;;R$ / litro;IPIRANGA
SE;MG;BELO HORIZONTE;POSTO MUSTANG LTDA; 17.333.899/0001-67;RUA JOAQUIM MURTINHO;9;;SANTO ANTONIO;30350-050;GASOLINA;01/01/2025;6,49;;R$ / litro;VIBRA
SE;MG;BELO HORIZONTE;POSTO MUSTANG LTDA; 17.333.899/0001-67;RUA JOAQUIM MURTINHO;9;;SANTO ANTONIO;30350-050;GASOLINA ADITIVADA;01/01/2025;6,59;;R$ / litro;VIBRA
SE;MG;BELO HORIZONTE;POSTO MUSTANG LTDA; 17.333.899/0001-67;RUA JOAQUIM MURTINHO;9;;SANTO ANTONIO;30350-050;ETANOL;01/01/2025;4,59;;R$ / litro;VIBRA
SE;MG;BELO HORIZONTE;POSTO PONTE NOVA LTDA; 17.159.880/0001-46;AVENIDA NOSSA SENHORA DO CARMO;450;;SAO PEDRO;30330-000;GASOLINA;01/01/2025;6,59;;R$ / litro;RAIZEN
SE;MG;BELO HORIZONTE;POSTO PONTE NOVA LTDA; 17.159.880/0001-46;AVENIDA NOSSA SENHORA DO CARMO;450;;SAO PEDRO;30330-000;GASOLINA ADITIVADA;01/01/2025;6,89;;R$ / litro;RAIZEN
SE;MG;BELO HORIZONTE;POSTO PONTE NOVA LTDA; 17.159.880/0001-46;AVENIDA NOSSA SENHORA DO CARMO;450;;SAO PEDRO;30330-000;ETANOL;01/01/2025;4,69;;R$ / litro;RAIZEN
SE;MG;BELO HORIZONTE;ALMADA & CIA LIMITADA; 16.626.814/0002-57;RUA JACUI;3880;;IPIRANGA;31160-190;GASOLINA;01/01/2025;5,99;;R$ / litro;IPIRANGA
SE;MG;BELO HORIZONTE;ALMADA & CIA LIMITADA; 16.626.814/0002-57;RUA JACUI;3880;;IPIRANGA;31160-190;DIESEL S10;01/01/2025;5,85;;R$ / litro;IPIRANGA
SE;MG;BELO HORIZONTE;ALMADA & CIA LIMITADA; 16.626.814/0002-57;RUA JACUI;3880;;IPIRANGA;31160-190;ETANOL;01/01/2025;4,15;;R$ / litro;IPIRANGA
SE;MG;BELO HORIZONTE;POSTO SAO PEDRO LTDA; 16.580.169/0001-06;RUA NIQUELINA;918;;SANTA EFIGENIA;30260-100;GASOLINA;01/01/2025;5,97;;R$ / litro;BRANCA
SE;MG;BELO HORIZONTE;POSTO SAO PEDRO LTDA; 16.580.169/0001-06;RUA NIQUELINA;918;;SANTA EFIGENIA;30260-100;GASOLINA ADITIVADA;01/01/2025;5,97;;R$ / litro;BRANCA
SE;MG;BELO HORIZONTE;POSTO SAO PEDRO LTDA; 16.580.169/0001-06;RUA NIQUELINA;918;;SANTA EFIGENIA;30260-100;DIESEL;01/01/2025;5,77;;R$ / litro;BRANCA
SE;MG;BELO HORIZONTE;POSTO SAO PEDRO LTDA; 16.580.169/0001-06;RUA NIQUELINA;918;;SANTA EFIGENIA;30260-100;DIESEL S10;01/01/2025;5,87;;R$ / litro;BRANCA
SE;MG;BELO HORIZONTE;POSTO SAO PEDRO LTDA; 16.580.169/0001-06;RUA NIQUELINA;918;;SANTA EFIGENIA;30260-100;ETANOL;01/01/2025;4,16;;R$ / litro;BRANCA
SE;MG;BELO HORIZONTE;POSTO MAURITANIA LTDA; 16.525.008/0001-01;RUA DO URUGUAI;86;;SION;30310-300;GASOLINA;01/01/2025;6,59;;R$ / litro;VIBRA
SE;MG;BELO HORIZONTE;POSTO MAURITANIA LTDA; 16.525.008/0001-01;RUA DO URUGUAI;86;;SION;30310-300;GASOLINA ADITIVADA;01/01/2025;6,89;;R$ / litro;VIBRA
SE;MG;BELO HORIZONTE;POSTO MAURITANIA LTDA; 16.525.008/0001-01;RUA DO URUGUAI;86;;SION;30310-300;ETANOL;01/01/2025;4,69;;R$ / litro;VIBRA
SE;MG;BELO HORIZONTE;POSTO PIO XII LTDA.; 05.020.360/0001-79;AVENIDA DO CONTORNO;9008;;SANTO AGOSTINHO;30110-067;GASOLINA;01/01/2025;5,99;;R$ / litro;RAIZEN
SE;MG;BELO HORIZONTE;POSTO PIO XII LTDA.; 05.020.360/0001-79;AVENIDA DO CONTORNO;9008;;SANTO AGOSTINHO;30110-067;GASOLINA ADITIVADA;01/01/2025;6,39;;R$ / litro;RAIZEN
SE;MG;BELO HORIZONTE;POSTO PIO XII LTDA.; 05.020.360/0001-79;AVENIDA DO CONTORNO;9008;;SANTO AGOSTINHO;30110-067;ETANOL;01/01/2025;4,29;;R$ / litro;RAIZEN
SE;MG;BELO HORIZONTE;POSTO CJ LTDA; 04.783.903/0001-47;AVENIDA PRUDENTE DE MORAIS;581;;CIDADE JARDIM;30380-002;GASOLINA;01/01/2025;6,49;;R$ / litro;ALE
SE;MG;BELO HORIZONTE;POSTO CJ LTDA; 04.783.903/0001-47;AVENIDA PRUDENTE DE MORAIS;581;;CIDADE JARDIM;30380-002;GASOLINA ADITIVADA;01/01/2025;6,69;;R$ / litro;ALE
SE;MG;BELO HORIZONTE;POSTO CJ LTDA; 04.783.903/0001-47;AVENIDA PRUDENTE DE MORAIS;581;;CIDADE JARDIM;30380-002;DIESEL S10;01/01/2025;5,97;;R$ / litro;ALE
SE;MG;BELO HORIZONTE;POSTO CJ LTDA; 04.783.903/0001-47;AVENIDA PRUDENTE DE MORAIS;581;;CIDADE JARDIM;30380-002;ETANOL;01/01/2025;4,59;;R$ / litro;ALE
SE;MG;BELO HORIZONTE;REDE DAKOTA I LTDA; 01.530.043/0001-41;AVENIDA FRANCISCO SA;260;;PRADO;30411-145;GASOLINA;01/01/2025;5,98;;R$ / litro;TOTALENERGIES
SE;MG;BELO HORIZONTE;REDE DAKOTA I LTDA; 01.530.043/0001-41;AVENIDA FRANCISCO SA;260;;PRADO;30411-145;GASOLINA ADITIVADA;01/01/2025;6,22;;R$ / litro;TOTALENERGIES
SE;MG;BELO HORIZONTE;REDE DAKOTA I LTDA; 01.530.043/0001-41;AVENIDA FRANCISCO SA;260;;PRADO;30411-145;DIESEL S10;01/01/2025;5,88;;R$ / litro;TOTALENERGIES
SE;MG;BELO HORIZONTE;REDE DAKOTA I LTDA; 01.530.043/0001-41;AVENIDA FRANCISCO SA;260;;PRADO;30411-145;ETANOL;01/01/2025;4,18;;R$ / litro;TOTALENERGIES
SE;MG;BELO HORIZONTE;ROL COMERCIO DE DERIVADOS DE PETROLEO LTDA; 01.413.083/0001-03;AVENIDA DOS ANDRADAS;3650;;PARAISO;30280-020;GASOLINA;01/01/2025;5,99;;R$ / litro;VIBRA
SE;MG;BELO HORIZONTE;ROL COMERCIO DE DERIVADOS DE PETROLEO LTDA; 01.413.083/0001-03;AVENIDA DOS ANDRADAS;3650;;PARAISO;30280-020;GASOLINA ADITIVADA;01/01/2025;6,29;;R$ / litro;VIBRA
SE;MG;BELO HORIZONTE;ROL COMERCIO DE DERIVADOS DE PETROLEO LTDA; 01.413.083/0001-03;AVENIDA DOS ANDRADAS;3650;;PARAISO;30280-020;DIESEL;01/01/2025;5,79;;R$ / litro;VIBRA
SE;MG;BELO HORIZONTE;ROL COMERCIO DE DERIVADOS DE PETROLEO LTDA; 01.413.083/0001-03;AVENIDA DOS ANDRADAS;3650;;PARAISO;30280-020;DIESEL S10;01/01/2025;5,89;;R$ / litro;VIBRA
SE;MG;BELO HORIZONTE;ROL COMERCIO DE DERIVADOS DE PETROLEO LTDA; 01.413.083/0001-03;AVENIDA DOS ANDRADAS;3650;;PARAISO;30280-020;ETANOL;01/01/2025;4,19;;R$ / litro;VIBRA
SE;MG;NOVA LIMA;POSTO CURVA DO RETIRO LTDA; 04.437.401/0001-64;RODOVIA BR 040 - KM 548;2000;LOTES 01 A 12;JARDIM CANADA;34000-001;GASOLINA;01/01/2025;6,59;;R$ / litro;VIBRA
SE;MG;NOVA LIMA;POSTO CURVA DO RETIRO LTDA; 04.437.401/0001-64;RODOVIA BR 040 - KM 548;2000;LOTES 01 A 12;JARDIM CANADA;34000-001;GASOLINA ADITIVADA;01/01/2025;6,99;;R$ / litro;VIBRA
SE;MG;NOVA LIMA;POSTO CURVA DO RETIRO LTDA; 04.437.401/0001-64;RODOVIA BR 040 - KM 548;2000;LOTES 01 A 12;JARDIM CANADA;34000-001;ETANOL;01/01/2025;4,59;;R$ / litro;VIBRA
SE;MG;NOVA LIMA;PETROLIM LTDA; 17.236.977/0001-05;PRACA EXPEDICIONARIO ASSUNCAO;12;;CENTRO;34000-001;GASOLINA;01/01/2025;6,25;;R$ / litro;RAIZEN
SE;MG;NOVA LIMA;PETROLIM LTDA; 17.236.977/0001-05;PRACA EXPEDICIONARIO ASSUNCAO;12;;CENTRO;34000-001;GASOLINA ADITIVADA;01/01/2025;6,65;;R$ / litro;RAIZEN
SE;MG;NOVA LIMA;PETROLIM LTDA; 17.236.977/0001-05;PRACA EXPEDICIONARIO ASSUNCAO;12;;CENTRO;34000-001;DIESEL S10;01/01/2025;5,99;;R$ / litro;RAIZEN
SE;MG;NOVA LIMA;PETROLIM LTDA; 17.236.977/0001-05;PRACA EXPEDICIONARIO ASSUNCAO;12;;CENTRO;34000-001;ETANOL;01/01/2025;4,29;;R$ / litro;RAIZEN
SE;MG;NOVA LIMA;POSTO JAMBREIRO LTDA; 21.670.161/0001-62;RODOVIA MG 30 KM 18;;;OURO VELHO MANSOES;34000-001;GASOLINA;01/01/2025;6,49;;R$ / litro;IPIRANGA
SE;MG;NOVA LIMA;POSTO JAMBREIRO LTDA; 21.670.161/0001-62;RODOVIA MG 30 KM 18;;;OURO VELHO MANSOES;34000-001;GASOLINA ADITIVADA;01/01/2025;6,59;;R$ / litro;IPIRANGA
SE;MG;NOVA LIMA;POSTO JAMBREIRO LTDA; 21.670.161/0001-62;RODOVIA MG 30 KM 18;;;OURO VELHO MANSOES;34000-001;DIESEL S10;01/01/2025;6,39;;R$ / litro;IPIRANGA
SE;MG;NOVA LIMA;POSTO JAMBREIRO LTDA; 21.670.161/0001-62;RODOVIA MG 30 KM 18;;;OURO VELHO MANSOES;34000-001;ETANOL;01/01/2025;4,49;;R$ / litro;IPIRANGA
SE;MG;NOVA LIMA;PHILADELPHIA DERIVADOS DE PETROLEO LTDA; 01.629.489/0001-28;PRACA DR. ERNANI RIB. SILVA;22;;CENTRO;34000-000;GASOLINA;01/01/2025;6,39;;R$ / litro;ALE
SE;MG;NOVA LIMA;PHILADELPHIA DERIVADOS DE PETROLEO LTDA; 01.629.489/0001-28;PRACA DR. ERNANI RIB. SILVA;22;;CENTRO;34000-000;DIESEL S10;01/01/2025;6,09;;R$ / litro;ALE
SE;MG;NOVA LIMA;PHILADELPHIA DERIVADOS DE PETROLEO LTDA; 01.629.489/0001-28;PRACA DR. ERNANI RIB. SILVA;22;;CENTRO;34000-000;ETANOL;01/01/2025;4,26;;R$ / litro;ALE
SE;MG;SABARA;POSTO DAS NACOES LTDA; 25.550.716/0001-93;RODOVIA MG-05;KM 6;S/N;NACOES UNIDAS;34590-390;GASOLINA;01/01/2025;6,09;;R$ / litro;ALE
SE;MG;SABARA;POSTO DAS NACOES LTDA; 25.550.716/0001-93;RODOVIA MG-05;KM 6;S/N;NACOES UNIDAS;34590-390;GASOLINA ADITIVADA;01/01/2025;6,29;;R$ / litro;ALE
SE;MG;SABARA;POSTO DAS NACOES LTDA; 25.550.716/0001-93;RODOVIA MG-05;KM 6;S/N;NACOES UNIDAS;34590-390;DIESEL;01/01/2025;5,68;;R$ / litro;ALE
SE;MG;SABARA;POSTO DAS NACOES LTDA; 25.550.716/0001-93;RODOVIA MG-05;KM 6;S/N;NACOES UNIDAS;34590-390;DIESEL S10;01/01/2025;5,79;;R$ / litro;ALE
SE;MG;SABARA;POSTO DAS NACOES LTDA; 25.550.716/0001-93;RODOVIA MG-05;KM 6;S/N;NACOES UNIDAS;34590-390;ETANOL;01/01/2025;4,39;;R$ / litro;ALE
SE;MG;SABARA;POSTO SANTA INES MINAS LTDA; 21.662.242/0001-10;AVENIDA CONTAGEM;1980;;ANA LUCIA;34710-000;GASOLINA;01/01/2025;6,17;;R$ / litro;VIBRA
SE;MG;SABARA;POSTO SANTA INES MINAS LTDA; 21.662.242/0001-10;AVENIDA CONTAGEM;1980;;ANA LUCIA;34710-000;GASOLINA ADITIVADA;01/01/2025;6,47;;R$ / litro;VIBRA
SE;MG;SABARA;POSTO SANTA INES MINAS LTDA; 21.662.242/0001-10;AVENIDA CONTAGEM;1980;;ANA LUCIA;34710-000;DIESEL S10;01/01/2025;5,99;;R$ / litro;VIBRA
S;PR;APUCARANA;DCK - COMERCIO DE COMBUSTIVEIS LTDA; 07.220.788/0001-90;AVENIDA MINAS GERAIS;3201;;VILA SAO MIGUEL;86812-490;GASOLINA;01/01/2025;6,27;;R$ / litro;VIBRA
S;PR;APUCARANA;DCK - COMERCIO DE COMBUSTIVEIS LTDA; 07.220.788/0001-90;AVENIDA MINAS GERAIS;3201;;VILA SAO MIGUEL;86812-490;GASOLINA ADITIVADA;01/01/2025;6,42;;R$ / litro;VIBRA
S;PR;APUCARANA;DCK - COMERCIO DE COMBUSTIVEIS LTDA; 07.220.788/0001-90;AVENIDA MINAS GERAIS;3201;;VILA SAO MIGUEL;86812-490;DIESEL S10;01/01/2025;6,24;;R$ / litro;VIBRA
S;PR;APUCARANA;DCK - COMERCIO DE COMBUSTIVEIS LTDA; 07.220.788/0001-90;AVENIDA MINAS GERAIS;3201;;VILA SAO MIGUEL;86812-490;ETANOL;01/01/2025;4,27;;R$ / litro;VIBRA
S;PR;APUCARANA;V. BRAMBILA & CIA. LTDA.; 03.303.619/0001-63;AVENIDA MINAS GERAIS;568;;JD APUCARANA;86804-000;GASOLINA;01/01/2025;6,29;;R$ / litro;IPIRANGA
S;PR;APUCARANA;V. BRAMBILA & CIA. LTDA.; 03.303.619/0001-63;AVENIDA MINAS GERAIS;568;;JD APUCARANA;86804-000;ETANOL;01/01/2025;4,29;;R$ / litro;IPIRANGA
S;PR;APUCARANA;ESPANHA COMERCIO DE COMBUSTIVEIS LTDA; 03.198.685/0001-10;AVENIDA MINAS GERAIS;691;;VILA SAO MIGUEL;86804-000;GASOLINA;01/01/2025;6,27;;R$ / litro;RAIZEN
S;PR;APUCARANA;ESPANHA COMERCIO DE COMBUSTIVEIS LTDA; 03.198.685/0001-10;AVENIDA MINAS GERAIS;691;;VILA SAO MIGUEL;86804-000;DIESEL;01/01/2025;6,17;;R$ / litro;RAIZEN
S;PR;APUCARANA;ESPANHA COMERCIO DE COMBUSTIVEIS LTDA; 03.198.685/0001-10;AVENIDA MINAS GERAIS;691;;VILA SAO MIGUEL;86804-000;DIESEL S10;01/01/2025;6,27;;R$ / litro;RAIZEN
S;PR;APUCARANA;ESPANHA COMERCIO DE COMBUSTIVEIS LTDA; 03.198.685/0001-10;AVENIDA MINAS GERAIS;691;;VILA SAO MIGUEL;86804-000;ETANOL;01/01/2025;4,37;;R$ / litro;RAIZEN
S;PR;LONDRINA;GASTECH - TECNOLOGIA EM GAS NATURAL LTDA; 08.148.433/0001-09;AVENIDA BRASILIA;2257;COMPLEXO GASTECH;PARQUE INDUSTRIAL BETEL;86025-180;GNV;01/01/2025;5,29;;R$ / m³;BRANCA
S;PR;LONDRINA;STAR SHOPPING AUTO POSTO LTDA; 06.243.491/0001-88;RUA GUAPORE;1588;;JARDIM PALMARES;86025-000;GASOLINA;01/01/2025;6,29;;R$ / litro;IPIRANGA
S;PR;LONDRINA;STAR SHOPPING AUTO POSTO LTDA; 06.243.491/0001-88;RUA GUAPORE;1588;;JARDIM PALMARES;86025-000;GASOLINA ADITIVADA;01/01/2025;6,49;;R$ / litro;IPIRANGA
S;PR;LONDRINA;STAR SHOPPING AUTO POSTO LTDA; 06.243.491/0001-88;RUA GUAPORE;1588;;JARDIM PALMARES;86025-000;DIESEL;01/01/2025;6,19;;R$ / litro;IPIRANGA
S;PR;LONDRINA;STAR SHOPPING AUTO POSTO LTDA; 06.243.491/0001-88;RUA GUAPORE;1588;;JARDIM PALMARES;86025-000;DIESEL S10;01/01/2025;6,29;;R$ / litro;IPIRANGA
S;PR;LONDRINA;STAR SHOPPING AUTO POSTO LTDA; 06.243.491/0001-88;RUA GUAPORE;1588;;JARDIM PALMARES;86025-000;ETANOL;01/01/2025;4,29;;R$ / litro;IPIRANGA
S;PR;LONDRINA;KALAHAN COMERCIO DE COMBUSTIVEIS LTDA; 01.270.349/0001-06;AVENIDA SAUL ELKIND;2100;;CONJUNTO VIVI XAVIER;86082-000;GASOLINA;01/01/2025;6,19;;R$ / litro;RAIZEN
S;PR;LONDRINA;KALAHAN COMERCIO DE COMBUSTIVEIS LTDA; 01.270.349/0001-06;AVENIDA SAUL ELKIND;2100;;CONJUNTO VIVI XAVIER;86082-000;GASOLINA ADITIVADA;01/01/2025;6,49;;R$ / litro;RAIZEN
S;PR;LONDRINA;KALAHAN COMERCIO DE COMBUSTIVEIS LTDA; 01.270.349/0001-06;AVENIDA SAUL ELKIND;2100;;CONJUNTO VIVI XAVIER;86082-000;DIESEL;01/01/2025;6,39;;R$ / litro;RAIZEN
S;PR;LONDRINA;KALAHAN COMERCIO DE COMBUSTIVEIS LTDA; 01.270.349/0001-06;AVENIDA SAUL ELKIND;2100;;CONJUNTO VIVI XAVIER;86082-000;DIESEL S10;01/01/2025;6,49;;R$ / litro;RAIZEN
S;PR;LONDRINA;KALAHAN COMERCIO DE COMBUSTIVEIS LTDA; 01.270.349/0001-06;AVENIDA SAUL ELKIND;2100;;CONJUNTO VIVI XAVIER;86082-000;ETANOL;01/01/2025;4,09;;R$ / litro;RAIZEN
S;RS;GUAIBA;COMERCIAL BUFFON COMBUSTIVEIS E TRANSPORTES LIMITADA; 93.489.243/0013-50;AVENIDA CASTELO BRANCO;445;;ALEGRIA;92500-000;GASOLINA;01/01/2025;5,99;;R$ / litro;VIBRA
S;RS;GUAIBA;COMERCIAL BUFFON COMBUSTIVEIS E TRANSPORTES LIMITADA; 93.489.243/0013-50;AVENIDA CASTELO BRANCO;445;;ALEGRIA;92500-000;GASOLINA ADITIVADA;01/01/2025;6,19;;R$ / litro;VIBRA
S;RS;GUAIBA;COMERCIAL BUFFON COMBUSTIVEIS E TRANSPORTES LIMITADA; 93.489.243/0013-50;AVENIDA CASTELO BRANCO;445;;ALEGRIA;92500-000;DIESEL;01/01/2025;6,29;;R$ / litro;VIBRA
S;RS;GUAIBA;COMERCIAL BUFFON COMBUSTIVEIS E TRANSPORTES LIMITADA; 93.489.243/0013-50;AVENIDA CASTELO BRANCO;445;;ALEGRIA;92500-000;DIESEL S10;01/01/2025;6,39;;R$ / litro;VIBRA
SE;SP;JACAREI;AUTO POSTO COLEGINHO LTDA.; 03.038.484/0001-56;RODOVIA NILO MAXIMO;400;;CENTRO;12307-240;GASOLINA;01/01/2025;5,49;;R$ / litro;VIBRA
SE;SP;JACAREI;AUTO POSTO COLEGINHO LTDA.; 03.038.484/0001-56;RODOVIA NILO MAXIMO;400;;CENTRO;12307-240;GASOLINA ADITIVADA;01/01/2025;5,79;;R$ / litro;VIBRA
SE;SP;JACAREI;AUTO POSTO COLEGINHO LTDA.; 03.038.484/0001-56;RODOVIA NILO MAXIMO;400;;CENTRO;12307-240;ETANOL;01/01/2025;3,69;;R$ / litro;VIBRA
SE;SP;JACAREI;CENTRO AUTOMOTIVO BRASIL BPX LTDA; 08.958.132/0001-32;AVENIDA SANTA MARIA;17;;PARQUE BRASIL;12328-320;GASOLINA;01/01/2025;5,59;;R$ / litro;RAIZEN
SE;SP;JACAREI;CENTRO AUTOMOTIVO BRASIL BPX LTDA; 08.958.132/0001-32;AVENIDA SANTA MARIA;17;;PARQUE BRASIL;12328-320;DIESEL;01/01/2025;5,77;;R$ / litro;RAIZEN
SE;SP;JACAREI;CENTRO AUTOMOTIVO BRASIL BPX LTDA; 08.958.132/0001-32;AVENIDA SANTA MARIA;17;;PARQUE BRASIL;12328-320;ETANOL;01/01/2025;3,69;;R$ / litro;RAIZEN
SE;SP;JACAREI;AUTO POSTO BARAO DE JACAREI LTDA; 96.265.921/0001-55;RUA BARAO DE JACAREI;1396;;CENTRO;12308-000;GASOLINA;01/01/2025;5,76;;R$ / litro;VIBRA
SE;SP;JACAREI;AUTO POSTO BARAO DE JACAREI LTDA; 96.265.921/0001-55;RUA BARAO DE JACAREI;1396;;CENTRO;12308-000;GASOLINA ADITIVADA;01/01/2025;6,06;;R$ / litro;VIBRA
SE;SP;JACAREI;AUTO POSTO BARAO DE JACAREI LTDA; 96.265.921/0001-55;RUA BARAO DE JACAREI;1396;;CENTRO;12308-000;ETANOL;01/01/2025;3,97;;R$ / litro;VIBRA
SE;SP;JACAREI;REDE DE SERVICOS PACHECAO LTDA; 04.305.582/0001-75;RODOVIA PRESIDENTE DUTRA;S/N;KM 169;CHAC. REUN. IGARAPES;12321-520;GASOLINA;01/01/2025;6,09;;R$ / litro;VIBRA
SE;SP;JACAREI;REDE DE SERVICOS PACHECAO LTDA; 04.305.582/0001-75;RODOVIA PRESIDENTE DUTRA;S/N;KM 169;CHAC. REUN. IGARAPES;12321-520;GASOLINA ADITIVADA;01/01/2025;6,14;;R$ / litro;VIBRA
SE;SP;JACAREI;REDE DE SERVICOS PACHECAO LTDA; 04.305.582/0001-75;RODOVIA PRESIDENTE DUTRA;S/N;KM 169;CHAC. REUN. IGARAPES;12321-520;DIESEL;01/01/2025;5,72;;R$ / litro;VIBRA
SE;SP;JACAREI;REDE DE SERVICOS PACHECAO LTDA; 04.305.582/0001-75;RODOVIA PRESIDENTE DUTRA;S/N;KM 169;CHAC. REUN. IGARAPES;12321-520;DIESEL S10;01/01/2025;5,79;;R$ / litro;VIBRA
SE;SP;JACAREI;REDE DE SERVICOS PACHECAO LTDA; 04.305.582/0001-75;RODOVIA PRESIDENTE DUTRA;S/N;KM 169;CHAC. REUN. IGARAPES;12321-520;ETANOL;01/01/2025;4,19;;R$ / litro;VIBRA
SE;SP;JACAREI;SETE ESTRELAS COMERCIO DE DERIVADOS DE PETROLEO LTDA; 00.256.893/0010-21;RUA PRESIDENTE HUMBERTO DE ALENCAR CASTELO BRANCO;538;;JARDIM FLORIDA;12300-000;GASOLINA;01/01/2025;5,69;;R$ / litro;BRANCA
SE;SP;JACAREI;SETE ESTRELAS COMERCIO DE DERIVADOS DE PETROLEO LTDA; 00.256.893/0010-21;RUA PRESIDENTE HUMBERTO DE ALENCAR CASTELO BRANCO;538;;JARDIM FLORIDA;12300-000;GASOLINA ADITIVADA;01/01/2025;5,74;;R$ / litro;BRANCA
SE;SP;JACAREI;SETE ESTRELAS COMERCIO DE DERIVADOS DE PETROLEO LTDA; 00.256.893/0010-21;RUA PRESIDENTE HUMBERTO DE ALENCAR CASTELO BRANCO;538;;JARDIM FLORIDA;12300-000;DIESEL S10;01/01/2025;5,79;;R$ / litro;BRANCA
SE;SP;JACAREI;SETE ESTRELAS COMERCIO DE DERIVADOS DE PETROLEO LTDA; 00.256.893/0010-21;RUA PRESIDENTE HUMBERTO DE ALENCAR CASTELO BRANCO;538;;JARDIM FLORIDA;12300-000;ETANOL;01/01/2025;3,89;;R$ / litro;BRANCA
SE;SP;JACAREI;SETE ESTRELAS COMERCIO DE DERIVADOS DE PETROLEO LTDA; 00.256.893/0002-11;RUA BARAO DE JACAREI;300;;CENTRO;12308-000;GASOLINA;01/01/2025;5,69;;R$ / litro;BRANCA
SE;SP;JACAREI;SETE ESTRELAS COMERCIO DE DERIVADOS DE PETROLEO LTDA; 00.256.893/0002-11;RUA BARAO DE JACAREI;300;;CENTRO;12308-000;GASOLINA ADITIVADA;01/01/2025;5,74;;R$ / litro;BRANCA
SE;SP;JACAREI;SETE ESTRELAS COMERCIO DE DERIVADOS DE PETROLEO LTDA; 00.256.893/0002-11;RUA BARAO DE JACAREI;300;;CENTRO;12308-000;ETANOL;01/01/2025;3,79;;R$ / litro;BRANCA
SE;SP;JACAREI;POSTO DE SERVICOS SHOPPING DE JACAREI LTDA; 62.122.908/0001-25;AVENIDA SIQUEIRA CAMPOS;1199;;VILA PINHEIRO;12307-000;GASOLINA;01/01/2025;5,79;;R$ / litro;IPIRANGA
SE;SP;JACAREI;POSTO DE SERVICOS SHOPPING DE JACAREI LTDA; 62.122.908/0001-25;AVENIDA SIQUEIRA CAMPOS;1199;;VILA PINHEIRO;12307-000;GASOLINA ADITIVADA;01/01/2025;6,09;;R$ / litro;IPIRANGA
SE;SP;JACAREI;POSTO DE SERVICOS SHOPPING DE JACAREI LTDA; 62.122.908/0001-25;AVENIDA SIQUEIRA CAMPOS;1199;;VILA PINHEIRO;12307-000;ETANOL;01/01/2025;3,99;;R$ / litro;IPIRANGA
SE;SP;JACAREI;AUTO POSTO R N M LTDA; 59.790.436/0001-74;RODOVIA NILO MAXIMO;3550;KM 4;SANTO ANTONIO DA BOA VISTA;12315-010;GASOLINA;01/01/2025;5,79;;R$ / litro;RAIZEN
SE;SP;JACAREI;AUTO POSTO R N M LTDA; 59.790.436/0001-74;RODOVIA NILO MAXIMO;3550;KM 4;SANTO ANTONIO DA BOA VISTA;12315-010;GASOLINA ADITIVADA;01/01/2025;5,99;;R$ / litro;RAIZEN
SE;SP;JACAREI;AUTO POSTO R N M LTDA; 59.790.436/0001-74;RODOVIA NILO MAXIMO;3550;KM 4;SANTO ANTONIO DA BOA VISTA;12315-010;DIESEL;01/01/2025;6,02;;R$ / litro;RAIZEN
SE;SP;JACAREI;AUTO POSTO R N M LTDA; 59.790.436/0001-74;RODOVIA NILO MAXIMO;3550;KM 4;SANTO ANTONIO DA BOA VISTA;12315-010;DIESEL S10;01/01/2025;6,12;;R$ / litro;RAIZEN
SE;SP;JACAREI;AUTO POSTO R N M LTDA; 59.790.436/0001-74;RODOVIA NILO MAXIMO;3550;KM 4;SANTO ANTONIO DA BOA VISTA;12315-010;ETANOL;01/01/2025;3,99;;R$ / litro;RAIZEN
SE;SP;JACAREI;POSTO DE SERVICOS SANTA MARIA LTDA; 47.624.697/0001-35;AVENIDA MALEK ASSAD;15;;JARDIM SANTA MARIA;12328-080;GASOLINA;01/01/2025;5,79;;R$ / litro;VIBRA
SE;SP;JACAREI;POSTO DE SERVICOS SANTA MARIA LTDA; 47.624.697/0001-35;AVENIDA MALEK ASSAD;15;;JARDIM SANTA MARIA;12328-080;GASOLINA ADITIVADA;01/01/2025;6,09;;R$ / litro;VIBRA
SE;SP;JACAREI;POSTO DE SERVICOS SANTA MARIA LTDA; 47.624.697/0001-35;AVENIDA MALEK ASSAD;15;;JARDIM SANTA MARIA;12328-080;DIESEL;01/01/2025;5,98;;R$ / litro;VIBRA
SE;SP;JACAREI;POSTO DE SERVICOS SANTA MARIA LTDA; 47.624.697/0001-35;AVENIDA MALEK ASSAD;15;;JARDIM SANTA MARIA;12328-080;DIESEL S10;01/01/2025;6,09;;R$ / litro;VIBRA
SE;SP;JACAREI;POSTO DE SERVICOS SANTA MARIA LTDA; 47.624.697/0001-35;AVENIDA MALEK ASSAD;15;;JARDIM SANTA MARIA;12328-080;ETANOL;01/01/2025;3,99;;R$ / litro;VIBRA
SE;MG;BELO HORIZONTE;POSTO CACHOEIRINHA LTDA.; 04.168.447/0001-25;AVENIDA BERNARDO DE VASCONCELOS;2265;;SANTA CRUZ;31160-440;ETANOL;01/01/2025;4,19;;R$ / litro;IPIRANGA
SE;MG;BELO HORIZONTE;POSTO CACHOEIRINHA LTDA.; 04.168.447/0001-25;AVENIDA BERNARDO DE VASCONCELOS;2265;;SANTA CRUZ;31160-440;GASOLINA;01/01/2025;5,99;;R$ / litro;IPIRANGA
SE;MG;BELO HORIZONTE;POSTO CACHOEIRINHA LTDA.; 04.168.447/0001-25;AVENIDA BERNARDO DE VASCONCELOS;2265;;SANTA CRUZ;31160-440;GASOLINA ADITIVADA;01/01/2025;6,19;;R$ / litro;IPIRANGA
SE;SP;SAO VICENTE;AUTO POSTO MAR PEQUENO DE SAO VICENTE LTDA; 09.165.024/0001-75;AVENIDA TUPINIQUINS;1206;;JAPUI;11325-000;GASOLINA;01/01/2025;5,99;;R$ / litro;VIBRA
SE;SP;SAO VICENTE;AUTO POSTO MAR PEQUENO DE SAO VICENTE LTDA; 09.165.024/0001-75;AVENIDA TUPINIQUINS;1206;;JAPUI;11325-000;GASOLINA ADITIVADA;01/01/2025;6,09;;R$ / litro;VIBRA
SE;SP;SAO VICENTE;AUTO POSTO MAR PEQUENO DE SAO VICENTE LTDA; 09.165.024/0001-75;AVENIDA TUPINIQUINS;1206;;JAPUI;11325-000;DIESEL S10;01/01/2025;6,19;;R$ / litro;VIBRA
SE;SP;SAO VICENTE;AUTO POSTO MAR PEQUENO DE SAO VICENTE LTDA; 09.165.024/0001-75;AVENIDA TUPINIQUINS;1206;;JAPUI;11325-000;ETANOL;01/01/2025;4,09;;R$ / litro;VIBRA
SE;MG;NOVA LIMA;POSTO DE COMBUSTIVEL RETIRO EIRELI; 10.334.577/0001-93;RUA MIGUEL WARDI;14;;OLARIA;34000-019;GASOLINA;01/01/2025;6,39;;R$ / litro;ALE
SE;MG;NOVA LIMA;POSTO DE COMBUSTIVEL RETIRO EIRELI; 10.334.577/0001-93;RUA MIGUEL WARDI;14;;OLARIA;34000-019;DIESEL S10;01/01/2025;6,09;;R$ / litro;ALE
SE;MG;NOVA LIMA;POSTO DE COMBUSTIVEL RETIRO EIRELI; 10.334.577/0001-93;RUA MIGUEL WARDI;14;;OLARIA;34000-019;ETANOL;01/01/2025;4,36;;R$ / litro;ALE
S;PR;LONDRINA;AUTO POSTO BRASILIA DE LONDRINA LTDA; 08.858.554/0001-36;AVENIDA BRASILIA;5250;;VILA YARA;86027-020;GASOLINA;01/01/2025;5,89;;R$ / litro;IPIRANGA
S;PR;LONDRINA;AUTO POSTO BRASILIA DE LONDRINA LTDA; 08.858.554/0001-36;AVENIDA BRASILIA;5250;;VILA YARA;86027-020;GASOLINA ADITIVADA;01/01/2025;5,99;;R$ / litro;IPIRANGA
S;PR;LONDRINA;AUTO POSTO BRASILIA DE LONDRINA LTDA; 08.858.554/0001-36;AVENIDA BRASILIA;5250;;VILA YARA;86027-020;DIESEL;01/01/2025;6,09;;R$ / litro;IPIRANGA
S;PR;LONDRINA;AUTO POSTO BRASILIA DE LONDRINA LTDA; 08.858.554/0001-36;AVENIDA BRASILIA;5250;;VILA YARA;86027-020;ETANOL;01/01/2025;3,89;;R$ / litro;IPIRANGA
SE;MG;BELO HORIZONTE;POSTO MARIO WERNECK LIMITADA; 03.665.115/0001-93;AVENIDA CRISTIANO MACHADO;9292;;MINASLANDIA;31812-112;GASOLINA;01/01/2025;5,99;;R$ / litro;IPIRANGA
SE;MG;BELO HORIZONTE;POSTO MARIO WERNECK LIMITADA; 03.665.115/0001-93;AVENIDA CRISTIANO MACHADO;9292;;MINASLANDIA;31812-112;GASOLINA ADITIVADA;01/01/2025;6,19;;R$ / litro;IPIRANGA
SE;MG;BELO HORIZONTE;POSTO MARIO WERNECK LIMITADA; 03.665.115/0001-93;AVENIDA CRISTIANO MACHADO;9292;;MINASLANDIA;31812-112;DIESEL;01/01/2025;5,79;;R$ / litro;IPIRANGA
SE;MG;BELO HORIZONTE;POSTO MARIO WERNECK LIMITADA; 03.665.115/0001-93;AVENIDA CRISTIANO MACHADO;9292;;MINASLANDIA;31812-112;DIESEL S10;01/01/2025;5,89;;R$ / litro;IPIRANGA
SE;MG;BELO HORIZONTE;POSTO MARIO WERNECK LIMITADA; 03.665.115/0001-93;AVENIDA CRISTIANO MACHADO;9292;;MINASLANDIA;31812-112;ETANOL;01/01/2025;4,27;;R$ / litro;IPIRANGA
SE;MG;UBERLANDIA;SAO LUCAS DISTRIBUIDORA DE PETROLEO LTDA; 10.238.984/0001-05;AVENIDA PAULO FIRMINO;20;;JARDIM DAS PALMEIRAS;38412-343;GASOLINA;01/01/2025;5,97;;R$ / litro;RAIZEN
SE;MG;UBERLANDIA;SAO LUCAS DISTRIBUIDORA DE PETROLEO LTDA; 10.238.984/0001-05;AVENIDA PAULO FIRMINO;20;;JARDIM DAS PALMEIRAS;38412-343;GASOLINA ADITIVADA;01/01/2025;6,37;;R$ / litro;RAIZEN
SE;MG;UBERLANDIA;SAO LUCAS DISTRIBUIDORA DE PETROLEO LTDA; 10.238.984/0001-05;AVENIDA PAULO FIRMINO;20;;JARDIM DAS PALMEIRAS;38412-343;ETANOL;01/01/2025;3,97;;R$ / litro;RAIZEN
SE;MG;BELO HORIZONTE;POSTO LESTE LTDA; 04.038.996/0001-85;AVENIDA DOS ANDRADAS;3300;;SANTA   EFIGENIA;30260-070;GASOLINA;01/01/2025;5,99;;R$ / litro;VIBRA
SE;MG;BELO HORIZONTE;POSTO LESTE LTDA; 04.038.996/0001-85;AVENIDA DOS ANDRADAS;3300;;SANTA   EFIGENIA;30260-070;GASOLINA ADITIVADA;01/01/2025;6,29;;R$ / litro;VIBRA
SE;MG;BELO HORIZONTE;POSTO LESTE LTDA; 04.038.996/0001-85;AVENIDA DOS ANDRADAS;3300;;SANTA   EFIGENIA;30260-070;DIESEL S10;01/01/2025;5,89;;R$ / litro;VIBRA
SE;MG;BELO HORIZONTE;POSTO LESTE LTDA; 04.038.996/0001-85;AVENIDA DOS ANDRADAS;3300;;SANTA   EFIGENIA;30260-070;ETANOL;01/01/2025;4,19;;R$ / litro;VIBRA
S;PR;APUCARANA;BRZ SUL COMERCIO DE COMBUSTIVEIS LTDA; 10.601.388/0001-30;AVENIDA PARANA;196;;VILA CASSALA;86804-340;DIESEL S10;01/01/2025;6,39;;R$ / litro;IPIRANGA
S;PR;APUCARANA;BRZ SUL COMERCIO DE COMBUSTIVEIS LTDA; 10.601.388/0001-30;AVENIDA PARANA;196;;VILA CASSALA;86804-340;ETANOL;01/01/2025;4,29;;R$ / litro;IPIRANGA
S;PR;APUCARANA;BRZ SUL COMERCIO DE COMBUSTIVEIS LTDA; 10.601.388/0001-30;AVENIDA PARANA;196;;VILA CASSALA;86804-340;GASOLINA;01/01/2025;6,29;;R$ / litro;IPIRANGA
S;PR;APUCARANA;BRZ SUL COMERCIO DE COMBUSTIVEIS LTDA; 10.601.388/0001-30;AVENIDA PARANA;196;;VILA CASSALA;86804-340;GASOLINA ADITIVADA;01/01/2025;6,39;;R$ / litro;IPIRANGA
S;PR;APUCARANA;BRZ SUL COMERCIO DE COMBUSTIVEIS LTDA; 10.601.388/0001-30;AVENIDA PARANA;196;;VILA CASSALA;86804-340;DIESEL;01/01/2025;6,29;;R$ / litro;IPIRANGA
S;PR;APUCARANA;CATUAI APUCARANA - COMERCIO DE COMBUSTIVEIS LTDA; 11.313.479/0001-32;AVENIDA MINAS GERAIS;860;;JARDIM APUCARANA;86804-000;GASOLINA;01/01/2025;6,19;;R$ / litro;BRANCA
S;PR;APUCARANA;CATUAI APUCARANA - COMERCIO DE COMBUSTIVEIS LTDA; 11.313.479/0001-32;AVENIDA MINAS GERAIS;860;;JARDIM APUCARANA;86804-000;GASOLINA ADITIVADA;01/01/2025;6,22;;R$ / litro;BRANCA
S;PR;APUCARANA;CATUAI APUCARANA - COMERCIO DE COMBUSTIVEIS LTDA; 11.313.479/0001-32;AVENIDA MINAS GERAIS;860;;JARDIM APUCARANA;86804-000;DIESEL;01/01/2025;6,19;;R$ / litro;BRANCA
S;PR;APUCARANA;CATUAI APUCARANA - COMERCIO DE COMBUSTIVEIS LTDA; 11.313.479/0001-32;AVENIDA MINAS GERAIS;860;;JARDIM APUCARANA;86804-000;DIESEL S10;01/01/2025;6,29;;R$ / litro;BRANCA
S;PR;APUCARANA;CATUAI APUCARANA - COMERCIO DE COMBUSTIVEIS LTDA; 11.313.479/0001-32;AVENIDA MINAS GERAIS;860;;JARDIM APUCARANA;86804-000;ETANOL;01/01/2025;4,19;;R$ / litro;BRANCA
SE;MG;BELO HORIZONTE;POSTO PONTEIO LTDA; 12.118.379/0001-18;RODOVIA BR-356;20;"KM: 04;";SION;30320-055;GASOLINA;01/01/2025;6,49;;R$ / litro;ALE
SE;MG;BELO HORIZONTE;POSTO PONTEIO LTDA; 12.118.379/0001-18;RODOVIA BR-356;20;"KM: 04;";SION;30320-055;GASOLINA ADITIVADA;01/01/2025;6,59;;R$ / litro;ALE
SE;MG;BELO HORIZONTE;POSTO PONTEIO LTDA; 12.118.379/0001-18;RODOVIA BR-356;20;"KM: 04;";SION;30320-055;DIESEL S10;01/01/2025;6,29;;R$ / litro;ALE
SE;MG;BELO HORIZONTE;POSTO PONTEIO LTDA; 12.118.379/0001-18;RODOVIA BR-356;20;"KM: 04;";SION;30320-055;ETANOL;01/01/2025;4,59;;R$ / litro;ALE
SE;MG;SABARA;AUTO POSTO SABARA LTDA.; 09.559.750/0001-72;RUA PREFEITO  VITOR FANTINI;719;;CENTRO;34505-360;GASOLINA;01/01/2025;6,29;;R$ / litro;IPIRANGA
SE;MG;SABARA;AUTO POSTO SABARA LTDA.; 09.559.750/0001-72;RUA PREFEITO  VITOR FANTINI;719;;CENTRO;34505-360;GASOLINA ADITIVADA;01/01/2025;6,29;;R$ / litro;IPIRANGA
SE;MG;SABARA;AUTO POSTO SABARA LTDA.; 09.559.750/0001-72;RUA PREFEITO  VITOR FANTINI;719;;CENTRO;34505-360;DIESEL S10;01/01/2025;6,19;;R$ / litro;IPIRANGA
SE;MG;SABARA;AUTO POSTO SABARA LTDA.; 09.559.750/0001-72;RUA PREFEITO  VITOR FANTINI;719;;CENTRO;34505-360;ETANOL;01/01/2025;4,49;;R$ / litro;IPIRANGA
NE;RN;CAICO;POSTO DO MOINHO EIRELI; 13.731.791/0001-71;RODOVIA BR 427 KM 104,4;S/N;;ZONA RURAL;59300-000;GASOLINA;01/01/2025;6,37;;R$ / litro;ALE
NE;RN;CAICO;POSTO DO MOINHO EIRELI; 13.731.791/0001-71;RODOVIA BR 427 KM 104,4;S/N;;ZONA RURAL;59300-000;GASOLINA ADITIVADA;01/01/2025;6,45;;R$ / litro;ALE
NE;RN;CAICO;POSTO DO MOINHO EIRELI; 13.731.791/0001-71;RODOVIA BR 427 KM 104,4;S/N;;ZONA RURAL;59300-000;DIESEL;01/01/2025;6,47;;R$ / litro;ALE
NE;RN;CAICO;POSTO DO MOINHO EIRELI; 13.731.791/0001-71;RODOVIA BR 427 KM 104,4;S/N;;ZONA RURAL;59300-000;DIESEL S10;01/01/2025;6,57;;R$ / litro;ALE
SE;MG;BELO HORIZONTE;POSTO MEM DE SA LTDA; 14.395.703/0001-70;AVENIDA MEM DE SA;140;;SANTA EFIGENIA;30260-270;ETANOL;01/01/2025;4,19;;R$ / litro;IPIRANGA
SE;MG;BELO HORIZONTE;POSTO MEM DE SA LTDA; 14.395.703/0001-70;AVENIDA MEM DE SA;140;;SANTA EFIGENIA;30260-270;GASOLINA;01/01/2025;5,99;;R$ / litro;IPIRANGA
SE;MG;BELO HORIZONTE;POSTO MEM DE SA LTDA; 14.395.703/0001-70;AVENIDA MEM DE SA;140;;SANTA EFIGENIA;30260-270;GASOLINA ADITIVADA;01/01/2025;6,19;;R$ / litro;IPIRANGA
SE;MG;BELO HORIZONTE;POSTO RAJA F R LTDA; 08.571.099/0001-93;AVENIDA RAJA GABAGLIA;2230;;ESTORIL;30494-170;GASOLINA;01/01/2025;6,59;;R$ / litro;ALE
SE;MG;BELO HORIZONTE;POSTO RAJA F R LTDA; 08.571.099/0001-93;AVENIDA RAJA GABAGLIA;2230;;ESTORIL;30494-170;GASOLINA ADITIVADA;01/01/2025;6,79;;R$ / litro;ALE
SE;MG;BELO HORIZONTE;POSTO RAJA F R LTDA; 08.571.099/0001-93;AVENIDA RAJA GABAGLIA;2230;;ESTORIL;30494-170;ETANOL;01/01/2025;4,69;;R$ / litro;ALE
SE;RJ;CAMPOS DOS GOYTACAZES;OASIS COMBUSTIVEIS LTDA; 17.305.026/0001-40;RODOVIA BR 101;S/N;KM 80               LOJA  02;IBITIOCA;28120-000;GASOLINA;01/01/2025;5,69;;R$ / litro;BRANCA
SE;RJ;CAMPOS DOS GOYTACAZES;OASIS COMBUSTIVEIS LTDA; 17.305.026/0001-40;RODOVIA BR 101;S/N;KM 80               LOJA  02;IBITIOCA;28120-000;GASOLINA ADITIVADA;01/01/2025;5,79;;R$ / litro;BRANCA
SE;RJ;CAMPOS DOS GOYTACAZES;OASIS COMBUSTIVEIS LTDA; 17.305.026/0001-40;RODOVIA BR 101;S/N;KM 80               LOJA  02;IBITIOCA;28120-000;ETANOL;01/01/2025;4,09;;R$ / litro;BRANCA
SE;MG;SABARA;AUTO POSTO TREVINHO LTDA; 17.960.090/0001-65;AVENIDA JOSE CANDIDO DA SILVEIRA;3252;;ANA LUCIA;34710-138;GNV;01/01/2025;4,99;;R$ / m³;VIBRA
SE;MG;SABARA;AUTO POSTO TREVINHO LTDA; 17.960.090/0001-65;AVENIDA JOSE CANDIDO DA SILVEIRA;3252;;ANA LUCIA;34710-138;GASOLINA;01/01/2025;6,17;;R$ / litro;VIBRA
SE;MG;SABARA;AUTO POSTO TREVINHO LTDA; 17.960.090/0001-65;AVENIDA JOSE CANDIDO DA SILVEIRA;3252;;ANA LUCIA;34710-138;GASOLINA ADITIVADA;01/01/2025;6,37;;R$ / litro;VIBRA
SE;MG;SABARA;AUTO POSTO TREVINHO LTDA; 17.960.090/0001-65;AVENIDA JOSE CANDIDO DA SILVEIRA;3252;;ANA LUCIA;34710-138;ETANOL;01/01/2025;4,39;;R$ / litro;VIBRA
SE;SP;JACAREI;LEAO CENTER AUTO POSTO LTDA; 18.019.333/0001-28;RODOVIA GENERAL EURYALE DE JESUS ZERBINE;2880;KM 89;SAO SILVESTRE;12340-970;GASOLINA;01/01/2025;5,77;;R$ / litro;BRANCA
SE;SP;JACAREI;LEAO CENTER AUTO POSTO LTDA; 18.019.333/0001-28;RODOVIA GENERAL EURYALE DE JESUS ZERBINE;2880;KM 89;SAO SILVESTRE;12340-970;GASOLINA ADITIVADA;01/01/2025;5,89;;R$ / litro;BRANCA
SE;SP;JACAREI;LEAO CENTER AUTO POSTO LTDA; 18.019.333/0001-28;RODOVIA GENERAL EURYALE DE JESUS ZERBINE;2880;KM 89;SAO SILVESTRE;12340-970;DIESEL;01/01/2025;5,77;;R$ / litro;BRANCA
SE;SP;JACAREI;LEAO CENTER AUTO POSTO LTDA; 18.019.333/0001-28;RODOVIA GENERAL EURYALE DE JESUS ZERBINE;2880;KM 89;SAO SILVESTRE;12340-970;ETANOL;01/01/2025;3,87;;R$ / litro;BRANCA
SE;SP;JACAREI;POSTO DE SERVICOS SHOPPING TREVO LTDA; 03.166.277/0001-87;RUA ANTONIO AFONSO;23;;CENTRO;12327-270;GASOLINA;01/01/2025;5,79;;R$ / litro;VIBRA
SE;SP;JACAREI;POSTO DE SERVICOS SHOPPING TREVO LTDA; 03.166.277/0001-87;RUA ANTONIO AFONSO;23;;CENTRO;12327-270;GASOLINA ADITIVADA;01/01/2025;6,09;;R$ / litro;VIBRA
SE;SP;JACAREI;POSTO DE SERVICOS SHOPPING TREVO LTDA; 03.166.277/0001-87;RUA ANTONIO AFONSO;23;;CENTRO;12327-270;ETANOL;01/01/2025;3,99;;R$ / litro;VIBRA
SE;SP;TAUBATE;AUTO POSTO ITAIM DE TAUBATE II LTDA.; 19.343.992/0001-88;AVENIDA OSWALDO ARANHA;700;;TERRA NOVA;12081-800;GASOLINA ADITIVADA;01/01/2025;5,79;;R$ / litro;VIBRA
SE;SP;TAUBATE;AUTO POSTO ITAIM DE TAUBATE II LTDA.; 19.343.992/0001-88;AVENIDA OSWALDO ARANHA;700;;TERRA NOVA;12081-800;DIESEL S10;01/01/2025;6,19;;R$ / litro;VIBRA
SE;SP;TAUBATE;AUTO POSTO ITAIM DE TAUBATE II LTDA.; 19.343.992/0001-88;AVENIDA OSWALDO ARANHA;700;;TERRA NOVA;12081-800;ETANOL;01/01/2025;3,79;;R$ / litro;VIBRA
SE;SP;TAUBATE;AUTO POSTO ITAIM DE TAUBATE II LTDA.; 19.343.992/0001-88;AVENIDA OSWALDO ARANHA;700;;TERRA NOVA;12081-800;GASOLINA;01/01/2025;5,59;;R$ / litro;VIBRA
SE;MG;NOVA LIMA;POSTO CHEFAO LTDA; 19.751.553/0001-04;AVENIDA TORONTO;470;;JARDIM CANADA;34000-973;GASOLINA;01/01/2025;6,49;;R$ / litro;RAIZEN
SE;MG;NOVA LIMA;POSTO CHEFAO LTDA; 19.751.553/0001-04;AVENIDA TORONTO;470;;JARDIM CANADA;34000-973;GASOLINA ADITIVADA;01/01/2025;6,89;;R$ / litro;RAIZEN
SE;MG;NOVA LIMA;POSTO CHEFAO LTDA; 19.751.553/0001-04;AVENIDA TORONTO;470;;JARDIM CANADA;34000-973;DIESEL;01/01/2025;5,88;;R$ / litro;RAIZEN
SE;MG;NOVA LIMA;POSTO CHEFAO LTDA; 19.751.553/0001-04;AVENIDA TORONTO;470;;JARDIM CANADA;34000-973;ETANOL;01/01/2025;4,69;;R$ / litro;RAIZEN
NE;CE;SOBRAL;COMERCIAL DE COMBUSTIVEL COHAB III LTDA; 18.415.001/0001-62;AVENIDA MARTHA SABOIA;6670;;CIDADE PEDRO MENDES CARNEIRO;62030-685;GASOLINA;01/01/2025;6,64;;R$ / litro;VIBRA
NE;CE;SOBRAL;COMERCIAL DE COMBUSTIVEL COHAB III LTDA; 18.415.001/0001-62;AVENIDA MARTHA SABOIA;6670;;CIDADE PEDRO MENDES CARNEIRO;62030-685;GASOLINA ADITIVADA;01/01/2025;6,64;;R$ / litro;VIBRA
NE;CE;SOBRAL;COMERCIAL DE COMBUSTIVEL COHAB III LTDA; 18.415.001/0001-62;AVENIDA MARTHA SABOIA;6670;;CIDADE PEDRO MENDES CARNEIRO;62030-685;ETANOL;01/01/2025;5,24;;R$ / litro;VIBRA
SE;MG;UBERLANDIA;VIA SUL POSTO SERVICE LTDA; 02.631.526/0001-03;RUA DA CARIOCA;2077;;PATRIMONIO;38411-046;GASOLINA;01/01/2025;5,87;;R$ / litro;VIBRA
SE;MG;UBERLANDIA;VIA SUL POSTO SERVICE LTDA; 02.631.526/0001-03;RUA DA CARIOCA;2077;;PATRIMONIO;38411-046;GASOLINA ADITIVADA;01/01/2025;6,17;;R$ / litro;VIBRA
SE;MG;UBERLANDIA;VIA SUL POSTO SERVICE LTDA; 02.631.526/0001-03;RUA DA CARIOCA;2077;;PATRIMONIO;38411-046;DIESEL S10;01/01/2025;5,95;;R$ / litro;VIBRA
SE;MG;UBERLANDIA;VIA SUL POSTO SERVICE LTDA; 02.631.526/0001-03;RUA DA CARIOCA;2077;;PATRIMONIO;38411-046;ETANOL;01/01/2025;3,87;;R$ / litro;VIBRA
SE;RJ;CAMPOS DOS GOYTACAZES;LIDER CAMPOS COMERCIO DE COMBUSTIVEIS LTDA.; 20.437.137/0001-15;AVENIDA MARIO MANHAES DE ANDRADE;108;": 124;";PARQUE AURORA;28026-110;GASOLINA;01/01/2025;6,49;;R$ / litro;VIBRA
SE;RJ;CAMPOS DOS GOYTACAZES;LIDER CAMPOS COMERCIO DE COMBUSTIVEIS LTDA.; 20.437.137/0001-15;AVENIDA MARIO MANHAES DE ANDRADE;108;": 124;";PARQUE AURORA;28026-110;GASOLINA ADITIVADA;01/01/2025;6,62;;R$ / litro;VIBRA
SE;RJ;CAMPOS DOS GOYTACAZES;LIDER CAMPOS COMERCIO DE COMBUSTIVEIS LTDA.; 20.437.137/0001-15;AVENIDA MARIO MANHAES DE ANDRADE;108;": 124;";PARQUE AURORA;28026-110;DIESEL;01/01/2025;6,15;;R$ / litro;VIBRA
SE;RJ;CAMPOS DOS GOYTACAZES;LIDER CAMPOS COMERCIO DE COMBUSTIVEIS LTDA.; 20.437.137/0001-15;AVENIDA MARIO MANHAES DE ANDRADE;108;": 124;";PARQUE AURORA;28026-110;DIESEL S10;01/01/2025;6,19;;R$ / litro;VIBRA
SE;RJ;CAMPOS DOS GOYTACAZES;LIDER CAMPOS COMERCIO DE COMBUSTIVEIS LTDA.; 20.437.137/0001-15;AVENIDA MARIO MANHAES DE ANDRADE;108;": 124;";PARQUE AURORA;28026-110;ETANOL;01/01/2025;4,79;;R$ / litro;VIBRA
SE;SP;TAUBATE;AUTO POSTO PEROLA TAUBATE LTDA; 21.082.653/0001-37;AVENIDA ASSIS CHATEAUBRIAND;328;;BEL RECANTO;12031-230;GASOLINA;01/01/2025;5,79;;R$ / litro;BRANCA
SE;SP;TAUBATE;AUTO POSTO PEROLA TAUBATE LTDA; 21.082.653/0001-37;AVENIDA ASSIS CHATEAUBRIAND;328;;BEL RECANTO;12031-230;GASOLINA ADITIVADA;01/01/2025;5,99;;R$ / litro;BRANCA
SE;SP;TAUBATE;AUTO POSTO PEROLA TAUBATE LTDA; 21.082.653/0001-37;AVENIDA ASSIS CHATEAUBRIAND;328;;BEL RECANTO;12031-230;DIESEL S10;01/01/2025;6,09;;R$ / litro;BRANCA
SE;SP;TAUBATE;AUTO POSTO PEROLA TAUBATE LTDA; 21.082.653/0001-37;AVENIDA ASSIS CHATEAUBRIAND;328;;BEL RECANTO;12031-230;ETANOL;01/01/2025;3,89;;R$ / litro;BRANCA
SE;SP;JACAREI;BABY AUTO POSTO LTDA; 24.474.162/0001-20;AVENIDA SANTA CRUZ DOS LAZAROS;253;;SANTA CRUZ DOS LAZAROS;12322-310;GASOLINA ADITIVADA;01/01/2025;6,09;;R$ / litro;VIBRA
SE;SP;JACAREI;BABY AUTO POSTO LTDA; 24.474.162/0001-20;AVENIDA SANTA CRUZ DOS LAZAROS;253;;SANTA CRUZ DOS LAZAROS;12322-310;DIESEL S10;01/01/2025;5,99;;R$ / litro;VIBRA
SE;SP;JACAREI;BABY AUTO POSTO LTDA; 24.474.162/0001-20;AVENIDA SANTA CRUZ DOS LAZAROS;253;;SANTA CRUZ DOS LAZAROS;12322-310;ETANOL;01/01/2025;3,89;;R$ / litro;VIBRA
SE;SP;JACAREI;BABY AUTO POSTO LTDA; 24.474.162/0001-20;AVENIDA SANTA CRUZ DOS LAZAROS;253;;SANTA CRUZ DOS LAZAROS;12322-310;GASOLINA;01/01/2025;5,79;;R$ / litro;VIBRA
SE;RJ;CAMPOS DOS GOYTACAZES;POSTO ALPHA W COMERCIO DE COMBUSTIVEIS LTDA; 26.179.832/0001-00;AVENIDA DOUTOR ARTUR BERNARDES;682;ANEXO 686;PARQUE ROSARIO;28015-325;GASOLINA;01/01/2025;6,44;;R$ / litro;IPIRANGA
SE;RJ;CAMPOS DOS GOYTACAZES;POSTO ALPHA W COMERCIO DE COMBUSTIVEIS LTDA; 26.179.832/0001-00;AVENIDA DOUTOR ARTUR BERNARDES;682;ANEXO 686;PARQUE ROSARIO;28015-325;GASOLINA ADITIVADA;01/01/2025;6,45;;R$ / litro;IPIRANGA
SE;RJ;CAMPOS DOS GOYTACAZES;POSTO ALPHA W COMERCIO DE COMBUSTIVEIS LTDA; 26.179.832/0001-00;AVENIDA DOUTOR ARTUR BERNARDES;682;ANEXO 686;PARQUE ROSARIO;28015-325;DIESEL;01/01/2025;5,88;;R$ / litro;IPIRANGA
SE;RJ;CAMPOS DOS GOYTACAZES;POSTO ALPHA W COMERCIO DE COMBUSTIVEIS LTDA; 26.179.832/0001-00;AVENIDA DOUTOR ARTUR BERNARDES;682;ANEXO 686;PARQUE ROSARIO;28015-325;DIESEL S10;01/01/2025;5,98;;R$ / litro;IPIRANGA
SE;RJ;CAMPOS DOS GOYTACAZES;POSTO ALPHA W COMERCIO DE COMBUSTIVEIS LTDA; 26.179.832/0001-00;AVENIDA DOUTOR ARTUR BERNARDES;682;ANEXO 686;PARQUE ROSARIO;28015-325;ETANOL;01/01/2025;4,74;;R$ / litro;IPIRANGA
SE;MG;SABARA;COMERCIO DE COMBUSTIVEIS SABARA LTDA; 27.486.672/0001-05;RUA DA PONTE;27;;SIDERURGICA;34515-190;GASOLINA;01/01/2025;6,07;;R$ / litro;BRANCA
SE;MG;SABARA;COMERCIO DE COMBUSTIVEIS SABARA LTDA; 27.486.672/0001-05;RUA DA PONTE;27;;SIDERURGICA;34515-190;DIESEL S10;01/01/2025;5,99;;R$ / litro;BRANCA
SE;MG;SABARA;COMERCIO DE COMBUSTIVEIS SABARA LTDA; 27.486.672/0001-05;RUA DA PONTE;27;;SIDERURGICA;34515-190;ETANOL;01/01/2025;4,29;;R$ / litro;BRANCA
SE;SP;JACAREI;POSTO DE SERVICOS SAO JORGE SALVADOR LTDA.; 22.526.323/0001-56;AVENIDA SAO JORGE;17;;CIDADE SALVADOR;12312-000;GASOLINA;01/01/2025;5,69;;R$ / litro;BRANCA
SE;SP;JACAREI;POSTO DE SERVICOS SAO JORGE SALVADOR LTDA.; 22.526.323/0001-56;AVENIDA SAO JORGE;17;;CIDADE SALVADOR;12312-000;GASOLINA ADITIVADA;01/01/2025;5,85;;R$ / litro;BRANCA
SE;SP;JACAREI;POSTO DE SERVICOS SAO JORGE SALVADOR LTDA.; 22.526.323/0001-56;AVENIDA SAO JORGE;17;;CIDADE SALVADOR;12312-000;DIESEL S10;01/01/2025;5,79;;R$ / litro;BRANCA
SE;SP;JACAREI;POSTO DE SERVICOS SAO JORGE SALVADOR LTDA.; 22.526.323/0001-56;AVENIDA SAO JORGE;17;;CIDADE SALVADOR;12312-000;ETANOL;01/01/2025;3,87;;R$ / litro;BRANCA
SE;SP;TAUBATE;AUTO POSTO AVENIDA ITALIA LTDA; 28.348.028/0001-33;AVENIDA ITALIA;1490;;JARDIM DAS NACOES;12030-212;GASOLINA;01/01/2025;6,09;;R$ / litro;IPIRANGA
SE;SP;TAUBATE;AUTO POSTO AVENIDA ITALIA LTDA; 28.348.028/0001-33;AVENIDA ITALIA;1490;;JARDIM DAS NACOES;12030-212;GASOLINA ADITIVADA;01/01/2025;6,29;;R$ / litro;IPIRANGA
SE;SP;TAUBATE;AUTO POSTO AVENIDA ITALIA LTDA; 28.348.028/0001-33;AVENIDA ITALIA;1490;;JARDIM DAS NACOES;12030-212;ETANOL;01/01/2025;4,19;;R$ / litro;IPIRANGA
NE;CE;SOBRAL;MASTER POSTO COMERCIO DE COMBUSTIVEIS LTDA; 28.335.497/0001-18;AVENIDA SENADOR JOSE ERMIRIO DE MORAES;872;;PADRE IBIAPINA;62023-120;GASOLINA;01/01/2025;6,38;;R$ / litro;VIBRA
NE;CE;SOBRAL;MASTER POSTO COMERCIO DE COMBUSTIVEIS LTDA; 28.335.497/0001-18;AVENIDA SENADOR JOSE ERMIRIO DE MORAES;872;;PADRE IBIAPINA;62023-120;GASOLINA ADITIVADA;01/01/2025;6,68;;R$ / litro;VIBRA
NE;CE;SOBRAL;MASTER POSTO COMERCIO DE COMBUSTIVEIS LTDA; 28.335.497/0001-18;AVENIDA SENADOR JOSE ERMIRIO DE MORAES;872;;PADRE IBIAPINA;62023-120;DIESEL S10;01/01/2025;6,39;;R$ / litro;VIBRA
NE;CE;SOBRAL;MASTER POSTO COMERCIO DE COMBUSTIVEIS LTDA; 28.335.497/0001-18;AVENIDA SENADOR JOSE ERMIRIO DE MORAES;872;;PADRE IBIAPINA;62023-120;ETANOL;01/01/2025;5,29;;R$ / litro;VIBRA
NE;RN;CAICO;3N COMERCIO DE COMBUSTIVEIS LTDA; 27.189.966/0001-75;AVENIDA DR CARLINDO DE SOUZA DANTAS;377;;CENTRO;59300-000;GASOLINA;01/01/2025;5,79;;R$ / litro;ALE
NE;RN;CAICO;3N COMERCIO DE COMBUSTIVEIS LTDA; 27.189.966/0001-75;AVENIDA DR CARLINDO DE SOUZA DANTAS;377;;CENTRO;59300-000;GASOLINA ADITIVADA;01/01/2025;6,14;;R$ / litro;ALE
NE;RN;CAICO;3N COMERCIO DE COMBUSTIVEIS LTDA; 27.189.966/0001-75;AVENIDA DR CARLINDO DE SOUZA DANTAS;377;;CENTRO;59300-000;DIESEL S10;01/01/2025;6,59;;R$ / litro;ALE
NE;RN;CAICO;F RAMOS ALVES EIRELI; 33.737.014/0001-41;RUA JOAQUIM GREGORIO;662;;PENEDO;59300-000;GASOLINA;01/01/2025;6,19;;R$ / litro;BRANCA
NE;RN;CAICO;F RAMOS ALVES EIRELI; 33.737.014/0001-41;RUA JOAQUIM GREGORIO;662;;PENEDO;59300-000;GASOLINA ADITIVADA;01/01/2025;6,19;;R$ / litro;BRANCA
NE;RN;CAICO;F RAMOS ALVES EIRELI; 33.737.014/0001-41;RUA JOAQUIM GREGORIO;662;;PENEDO;59300-000;DIESEL S10;01/01/2025;6,89;;R$ / litro;BRANCA
NE;RN;CAICO;F RAMOS ALVES EIRELI; 33.737.014/0001-41;RUA JOAQUIM GREGORIO;662;;PENEDO;59300-000;ETANOL;01/01/2025;5,19;;R$ / litro;BRANCA
SE;SP;SAO JOSE DOS CAMPOS;CENTRO DE SERVICOS FRANGO ASSADO -NORTE LTDA; 02.896.671/0013-41;RODOVIA GOVERNADOR CARVALHO PINTO;S/N;KM 94;TORRAO DE OURO II;12229-849;GASOLINA;01/01/2025;6,99;;R$ / litro;VIBRA
SE;SP;SAO JOSE DOS CAMPOS;CENTRO DE SERVICOS FRANGO ASSADO -NORTE LTDA; 02.896.671/0013-41;RODOVIA GOVERNADOR CARVALHO PINTO;S/N;KM 94;TORRAO DE OURO II;12229-849;GASOLINA ADITIVADA;01/01/2025;6,99;;R$ / litro;VIBRA
SE;SP;SAO JOSE DOS CAMPOS;CENTRO DE SERVICOS FRANGO ASSADO -NORTE LTDA; 02.896.671/0013-41;RODOVIA GOVERNADOR CARVALHO PINTO;S/N;KM 94;TORRAO DE OURO II;12229-849;ETANOL;01/01/2025;4,99;;R$ / litro;VIBRA
SE;RJ;CAMPOS DOS GOYTACAZES;VICMAR COMERCIO DE COMBUSTIVEIS E LUBRIFICANTES LTDA.; 20.641.704/0001-50;AVENIDA ALBERTO TORRES;512;CONJ  512/520             ANEXO ESQUINA COM A BR 101;PARQUE LEOPOLDINA;28051-287;GASOLINA;01/01/2025;6,44;;R$ / litro;BRANCA
SE;RJ;CAMPOS DOS GOYTACAZES;VICMAR COMERCIO DE COMBUSTIVEIS E LUBRIFICANTES LTDA.; 20.641.704/0001-50;AVENIDA ALBERTO TORRES;512;CONJ  512/520             ANEXO ESQUINA COM A BR 101;PARQUE LEOPOLDINA;28051-287;GASOLINA ADITIVADA;01/01/2025;6,46;;R$ / litro;BRANCA
SE;RJ;CAMPOS DOS GOYTACAZES;VICMAR COMERCIO DE COMBUSTIVEIS E LUBRIFICANTES LTDA.; 20.641.704/0001-50;AVENIDA ALBERTO TORRES;512;CONJ  512/520             ANEXO ESQUINA COM A BR 101;PARQUE LEOPOLDINA;28051-287;DIESEL S10;01/01/2025;5,8;;R$ / litro;BRANCA
SE;RJ;CAMPOS DOS GOYTACAZES;VICMAR COMERCIO DE COMBUSTIVEIS E LUBRIFICANTES LTDA.; 20.641.704/0001-50;AVENIDA ALBERTO TORRES;512;CONJ  512/520             ANEXO ESQUINA COM A BR 101;PARQUE LEOPOLDINA;28051-287;ETANOL;01/01/2025;4,74;;R$ / litro;BRANCA
SE;MG;UBERLANDIA;OLIVEIRA CARNEIRO COMERCIO DE COMBUSTIVEIS LTDA; 07.857.349/0002-74;AVENIDA ALDO BORGES LEAO;1950;CXPST SEM INSC MUNIC;MORADA NOVA;38421-051;GASOLINA;01/01/2025;5,86;;R$ / litro;VIBRA
SE;MG;UBERLANDIA;OLIVEIRA CARNEIRO COMERCIO DE COMBUSTIVEIS LTDA; 07.857.349/0002-74;AVENIDA ALDO BORGES LEAO;1950;CXPST SEM INSC MUNIC;MORADA NOVA;38421-051;GASOLINA ADITIVADA;01/01/2025;5,99;;R$ / litro;VIBRA
SE;MG;UBERLANDIA;OLIVEIRA CARNEIRO COMERCIO DE COMBUSTIVEIS LTDA; 07.857.349/0002-74;AVENIDA ALDO BORGES LEAO;1950;CXPST SEM INSC MUNIC;MORADA NOVA;38421-051;DIESEL;01/01/2025;5,85;;R$ / litro;VIBRA
SE;MG;UBERLANDIA;OLIVEIRA CARNEIRO COMERCIO DE COMBUSTIVEIS LTDA; 07.857.349/0002-74;AVENIDA ALDO BORGES LEAO;1950;CXPST SEM INSC MUNIC;MORADA NOVA;38421-051;DIESEL S10;01/01/2025;5,95;;R$ / litro;VIBRA
SE;MG;UBERLANDIA;OLIVEIRA CARNEIRO COMERCIO DE COMBUSTIVEIS LTDA; 07.857.349/0002-74;AVENIDA ALDO BORGES LEAO;1950;CXPST SEM INSC MUNIC;MORADA NOVA;38421-051;ETANOL;01/01/2025;3,87;;R$ / litro;VIBRA
SE;RJ;CAMPOS DOS GOYTACAZES;POSTO TIMBOZAO DE CAMPOS LTDA; 27.469.670/0001-08;AVENIDA ALBERTO TORRES;214;;PARQUE LEOPOLDINA;28053-587;GASOLINA;01/01/2025;6,49;;R$ / litro;VIBRA
SE;RJ;CAMPOS DOS GOYTACAZES;POSTO TIMBOZAO DE CAMPOS LTDA; 27.469.670/0001-08;AVENIDA ALBERTO TORRES;214;;PARQUE LEOPOLDINA;28053-587;GASOLINA ADITIVADA;01/01/2025;6,59;;R$ / litro;VIBRA
SE;RJ;CAMPOS DOS GOYTACAZES;POSTO TIMBOZAO DE CAMPOS LTDA; 27.469.670/0001-08;AVENIDA ALBERTO TORRES;214;;PARQUE LEOPOLDINA;28053-587;DIESEL;01/01/2025;6,09;;R$ / litro;VIBRA
S;PR;APUCARANA;CATUAI BRASIL - COMERCIO DE COMBUSTIVEIS LTDA; 40.631.819/0001-71;AVENIDA MINAS GERAIS;508;;JARDIM APUCARANA;86804-000;GASOLINA;01/01/2025;6,27;;R$ / litro;RAIZEN
S;PR;APUCARANA;CATUAI BRASIL - COMERCIO DE COMBUSTIVEIS LTDA; 40.631.819/0001-71;AVENIDA MINAS GERAIS;508;;JARDIM APUCARANA;86804-000;GASOLINA ADITIVADA;01/01/2025;6,44;;R$ / litro;RAIZEN
S;PR;APUCARANA;CATUAI BRASIL - COMERCIO DE COMBUSTIVEIS LTDA; 40.631.819/0001-71;AVENIDA MINAS GERAIS;508;;JARDIM APUCARANA;86804-000;DIESEL;01/01/2025;6,29;;R$ / litro;RAIZEN
S;PR;APUCARANA;CATUAI BRASIL - COMERCIO DE COMBUSTIVEIS LTDA; 40.631.819/0001-71;AVENIDA MINAS GERAIS;508;;JARDIM APUCARANA;86804-000;DIESEL S10;01/01/2025;6,39;;R$ / litro;RAIZEN
S;PR;APUCARANA;CATUAI BRASIL - COMERCIO DE COMBUSTIVEIS LTDA; 40.631.819/0001-71;AVENIDA MINAS GERAIS;508;;JARDIM APUCARANA;86804-000;ETANOL;01/01/2025;4,27;;R$ / litro;RAIZEN
SE;SP;JACAREI;AUTO POSTO BRANCO DE CASTELO LTDA; 68.912.864/0003-85;AVENIDA SIQUEIRA CAMPOS;641;;CENTRO;12308-190;GNV;01/01/2025;4,99;;R$ / m³;VIBRA
SE;SP;JACAREI;AUTO POSTO BRANCO DE CASTELO LTDA; 68.912.864/0003-85;AVENIDA SIQUEIRA CAMPOS;641;;CENTRO;12308-190;GASOLINA;01/01/2025;5,57;;R$ / litro;VIBRA
SE;SP;JACAREI;AUTO POSTO BRANCO DE CASTELO LTDA; 68.912.864/0003-85;AVENIDA SIQUEIRA CAMPOS;641;;CENTRO;12308-190;GASOLINA ADITIVADA;01/01/2025;5,77;;R$ / litro;VIBRA
SE;SP;JACAREI;AUTO POSTO BRANCO DE CASTELO LTDA; 68.912.864/0003-85;AVENIDA SIQUEIRA CAMPOS;641;;CENTRO;12308-190;ETANOL;01/01/2025;3,77;;R$ / litro;VIBRA
NE;PB;JOAO PESSOA;NOVA COMERCIO DE COMBUSTIVEIS  LTDA; 07.655.960/0004-81;RUA EMPRESARIO JOAO RODRIGUES ALVES;640;LOJA  101;JARDIM SAO PAULO;58051-000;GNV;01/01/2025;4,99;;R$ / m³;ALE
NE;PB;JOAO PESSOA;NOVA COMERCIO DE COMBUSTIVEIS  LTDA; 07.655.960/0004-81;RUA EMPRESARIO JOAO RODRIGUES ALVES;640;LOJA  101;JARDIM SAO PAULO;58051-000;GASOLINA;01/01/2025;5,83;;R$ / litro;ALE
NE;PB;JOAO PESSOA;NOVA COMERCIO DE COMBUSTIVEIS  LTDA; 07.655.960/0004-81;RUA EMPRESARIO JOAO RODRIGUES ALVES;640;LOJA  101;JARDIM SAO PAULO;58051-000;DIESEL S10;01/01/2025;5,79;;R$ / litro;ALE
NE;PB;JOAO PESSOA;NOVA COMERCIO DE COMBUSTIVEIS  LTDA; 07.655.960/0004-81;RUA EMPRESARIO JOAO RODRIGUES ALVES;640;LOJA  101;JARDIM SAO PAULO;58051-000;ETANOL;01/01/2025;3,93;;R$ / litro;ALE
SE;MG;SABARA;POSTO DE COMBUSTIVEL DAVI LTDA; 45.457.292/0001-24;RUA MARQUES DE SAPUCAI;368;;CENTRO;34505-600;GASOLINA;01/01/2025;6,19;;R$ / litro;TOTALENERGIES
SE;MG;SABARA;POSTO DE COMBUSTIVEL DAVI LTDA; 45.457.292/0001-24;RUA MARQUES DE SAPUCAI;368;;CENTRO;34505-600;DIESEL S10;01/01/2025;6,09;;R$ / litro;TOTALENERGIES
SE;MG;SABARA;POSTO DE COMBUSTIVEL DAVI LTDA; 45.457.292/0001-24;RUA MARQUES DE SAPUCAI;368;;CENTRO;34505-600;ETANOL;01/01/2025;4,49;;R$ / litro;TOTALENERGIES
NE;RN;CAICO;BOA PASSAGEM COMERCIAL DE COMBUTIVEL DOMINGOS LTDA; 45.337.890/0001-60;AVENIDA DR RUI MARIZ;571;;BOA PASSAGEM;59300-000;GASOLINA;01/01/2025;6,59;;R$ / litro;VIBRA
NE;RN;CAICO;BOA PASSAGEM COMERCIAL DE COMBUTIVEL DOMINGOS LTDA; 45.337.890/0001-60;AVENIDA DR RUI MARIZ;571;;BOA PASSAGEM;59300-000;DIESEL;01/01/2025;6,79;;R$ / litro;VIBRA
NE;RN;CAICO;BOA PASSAGEM COMERCIAL DE COMBUTIVEL DOMINGOS LTDA; 45.337.890/0001-60;AVENIDA DR RUI MARIZ;571;;BOA PASSAGEM;59300-000;DIESEL S10;01/01/2025;6,89;;R$ / litro;VIBRA
NE;RN;CAICO;BOA PASSAGEM COMERCIAL DE COMBUTIVEL DOMINGOS LTDA; 45.337.890/0001-60;AVENIDA DR RUI MARIZ;571;;BOA PASSAGEM;59300-000;ETANOL;01/01/2025;4,59;;R$ / litro;VIBRA
NE;RN;CAICO;CENTRO COMERCIAL DE COMBUSTIVEIS DOMINGOS LTDA; 45.338.786/0001-90;AVENIDA CORONEL MARTINIANO;1079;;CENTRO;59300-000;GASOLINA;01/01/2025;6,68;;R$ / litro;VIBRA
NE;RN;CAICO;CENTRO COMERCIAL DE COMBUSTIVEIS DOMINGOS LTDA; 45.338.786/0001-90;AVENIDA CORONEL MARTINIANO;1079;;CENTRO;59300-000;DIESEL;01/01/2025;6,79;;R$ / litro;VIBRA
NE;RN;CAICO;CENTRO COMERCIAL DE COMBUSTIVEIS DOMINGOS LTDA; 45.338.786/0001-90;AVENIDA CORONEL MARTINIANO;1079;;CENTRO;59300-000;DIESEL S10;01/01/2025;6,89;;R$ / litro;VIBRA
NE;RN;CAICO;CENTRO COMERCIAL DE COMBUSTIVEIS DOMINGOS LTDA; 45.338.786/0001-90;AVENIDA CORONEL MARTINIANO;1079;;CENTRO;59300-000;ETANOL;01/01/2025;5,69;;R$ / litro;VIBRA
SE;MG;SABARA;AUTO POSTO DUDA LTDA; 46.891.002/0001-19;RUA DO KAQUENDE;20;;CENTRO;34505-040;GASOLINA;01/01/2025;6,09;;R$ / litro;VIBRA
S;RS;VACARIA;SIM REDE DE POSTOS LTDA; 07.473.735/0207-00;AVENIDA MILITAR;2484;;JARDIM AMERICA;95214-086;GASOLINA;01/01/2025;6,19;;R$ / litro;RAIZEN
S;RS;VACARIA;SIM REDE DE POSTOS LTDA; 07.473.735/0207-00;AVENIDA MILITAR;2484;;JARDIM AMERICA;95214-086;GASOLINA ADITIVADA;01/01/2025;6,59;;R$ / litro;RAIZEN
S;RS;VACARIA;SIM REDE DE POSTOS LTDA; 07.473.735/0207-00;AVENIDA MILITAR;2484;;JARDIM AMERICA;95214-086;DIESEL;01/01/2025;6,09;;R$ / litro;RAIZEN
S;RS;VACARIA;SIM REDE DE POSTOS LTDA; 07.473.735/0207-00;AVENIDA MILITAR;2484;;JARDIM AMERICA;95214-086;DIESEL S10;01/01/2025;6,19;;R$ / litro;RAIZEN
SE;MG;UBERLANDIA;POSTO CAXUXA MGM LTDA; 01.930.849/0007-12;RODOVIA 050;SN;KM    RURAL KM 66.3;MINAS GERAIS;38402-019;GASOLINA;01/01/2025;5,89;;R$ / litro;IPIRANGA
SE;MG;UBERLANDIA;POSTO CAXUXA MGM LTDA; 01.930.849/0007-12;RODOVIA 050;SN;KM    RURAL KM 66.3;MINAS GERAIS;38402-019;GASOLINA ADITIVADA;01/01/2025;6,29;;R$ / litro;IPIRANGA
SE;MG;UBERLANDIA;POSTO CAXUXA MGM LTDA; 01.930.849/0007-12;RODOVIA 050;SN;KM    RURAL KM 66.3;MINAS GERAIS;38402-019;DIESEL;01/01/2025;6,09;;R$ / litro;IPIRANGA
SE;MG;UBERLANDIA;POSTO CAXUXA MGM LTDA; 01.930.849/0007-12;RODOVIA 050;SN;KM    RURAL KM 66.3;MINAS GERAIS;38402-019;DIESEL S10;01/01/2025;6,19;;R$ / litro;IPIRANGA
SE;MG;UBERLANDIA;POSTO CAXUXA MGM LTDA; 01.930.849/0007-12;RODOVIA 050;SN;KM    RURAL KM 66.3;MINAS GERAIS;38402-019;ETANOL;01/01/2025;3,99;;R$ / litro;IPIRANGA
N;AC;RIO BRANCO;CODEPE COMBUSTIVEIS LTDA; 08.220.930/0001-62;RODOVIA BR-364 (RIO BRANCO-CRUZEIRO DO SUL) - ATE 2;2755;LOTE  01/02/03/04/05 E 33;PORTAL DA AMAZONIA;69915-630;GASOLINA;02/01/2025;7,39;;R$ / litro;VIBRA
N;AC;RIO BRANCO;CODEPE COMBUSTIVEIS LTDA; 08.220.930/0001-62;RODOVIA BR-364 (RIO BRANCO-CRUZEIRO DO SUL) - ATE 2;2755;LOTE  01/02/03/04/05 E 33;PORTAL DA AMAZONIA;69915-630;GASOLINA ADITIVADA;02/01/2025;7,45;;R$ / litro;VIBRA
N;AC;RIO BRANCO;CODEPE COMBUSTIVEIS LTDA; 08.220.930/0001-62;RODOVIA BR-364 (RIO BRANCO-CRUZEIRO DO SUL) - ATE 2;2755;LOTE  01/02/03/04/05 E 33;PORTAL DA AMAZONIA;69915-630;DIESEL;02/01/2025;7,49;;R$ / litro;VIBRA
N;AC;RIO BRANCO;CODEPE COMBUSTIVEIS LTDA; 08.220.930/0001-62;RODOVIA BR-364 (RIO BRANCO-CRUZEIRO DO SUL) - ATE 2;2755;LOTE  01/02/03/04/05 E 33;PORTAL DA AMAZONIA;69915-630;DIESEL S10;02/01/2025;7,55;;R$ / litro;VIBRA
N;AC;RIO BRANCO;CODEPE COMBUSTIVEIS LTDA; 08.220.930/0001-62;RODOVIA BR-364 (RIO BRANCO-CRUZEIRO DO SUL) - ATE 2;2755;LOTE  01/02/03/04/05 E 33;PORTAL DA AMAZONIA;69915-630;ETANOL;02/01/2025;5,09;;R$ / litro;VIBRA
N;AC;RIO BRANCO;AUTO POSTO AMAPA - EIRELI; 00.529.581/0001-53;VIA CHICO MENDES;3570;;AREAL;69906-119;GASOLINA;02/01/2025;7,49;;R$ / litro;VIBRA
N;AC;RIO BRANCO;AUTO POSTO AMAPA - EIRELI; 00.529.581/0001-53;VIA CHICO MENDES;3570;;AREAL;69906-119;GASOLINA ADITIVADA;02/01/2025;7,49;;R$ / litro;VIBRA
N;AC;RIO BRANCO;AUTO POSTO AMAPA - EIRELI; 00.529.581/0001-53;VIA CHICO MENDES;3570;;AREAL;69906-119;DIESEL;02/01/2025;7,64;;R$ / litro;VIBRA
N;AC;RIO BRANCO;AUTO POSTO AMAPA - EIRELI; 00.529.581/0001-53;VIA CHICO MENDES;3570;;AREAL;69906-119;ETANOL;02/01/2025;5,29;;R$ / litro;VIBRA
N;AC;RIO BRANCO;AUTO POSTO CIDADE LTDA; 06.321.359/0001-47;AVENIDA NACOES UNIDAS;2123;;7 BEC;69918-093;GASOLINA;02/01/2025;7,45;;R$ / litro;VIBRA
N;AC;RIO BRANCO;AUTO POSTO CIDADE LTDA; 06.321.359/0001-47;AVENIDA NACOES UNIDAS;2123;;7 BEC;69918-093;DIESEL;02/01/2025;7,54;;R$ / litro;VIBRA
N;AC;RIO BRANCO;AUTO POSTO CIDADE LTDA; 06.321.359/0001-47;AVENIDA NACOES UNIDAS;2123;;7 BEC;69918-093;DIESEL S10;02/01/2025;7,59;;R$ / litro;VIBRA
N;AC;RIO BRANCO;AUTO POSTO CIDADE LTDA; 06.321.359/0001-47;AVENIDA NACOES UNIDAS;2123;;7 BEC;69918-093;ETANOL;02/01/2025;4,9;;R$ / litro;VIBRA
N;AC;RIO BRANCO;AUTO POSTO ACAUAN LTDA; 00.524.999/0001-78;RODOVIA AC 40;1800;;VILA ACRE;69902-450;GASOLINA;02/01/2025;7,49;;R$ / litro;VIBRA
N;AC;RIO BRANCO;AUTO POSTO ACAUAN LTDA; 00.524.999/0001-78;RODOVIA AC 40;1800;;VILA ACRE;69902-450;GASOLINA ADITIVADA;02/01/2025;7,49;;R$ / litro;VIBRA
N;AC;RIO BRANCO;AUTO POSTO ACAUAN LTDA; 00.524.999/0001-78;RODOVIA AC 40;1800;;VILA ACRE;69902-450;DIESEL;02/01/2025;7,63;;R$ / litro;VIBRA
N;AC;RIO BRANCO;AUTO POSTO ACAUAN LTDA; 00.524.999/0001-78;RODOVIA AC 40;1800;;VILA ACRE;69902-450;DIESEL S10;02/01/2025;7,68;;R$ / litro;VIBRA
N;AC;RIO BRANCO;AUTO POSTO ACAUAN LTDA; 00.524.999/0001-78;RODOVIA AC 40;1800;;VILA ACRE;69902-450;ETANOL;02/01/2025;5,09;;R$ / litro;VIBRA
N;AC;RIO BRANCO;AUTO POSTO CANINDE LTDA; 05.442.544/0001-27;RODOVIA AC 40;3206;KM 07;VILA ACRE;69902-450;GASOLINA;02/01/2025;7,48;;R$ / litro;SABBÁ
N;AC;RIO BRANCO;AUTO POSTO CANINDE LTDA; 05.442.544/0001-27;RODOVIA AC 40;3206;KM 07;VILA ACRE;69902-450;GASOLINA ADITIVADA;02/01/2025;7,63;;R$ / litro;SABBÁ
N;AC;RIO BRANCO;AUTO POSTO CANINDE LTDA; 05.442.544/0001-27;RODOVIA AC 40;3206;KM 07;VILA ACRE;69902-450;DIESEL;02/01/2025;7,48;;R$ / litro;SABBÁ
N;AC;RIO BRANCO;AUTO POSTO CANINDE LTDA; 05.442.544/0001-27;RODOVIA AC 40;3206;KM 07;VILA ACRE;69902-450;DIESEL S10;02/01/2025;7,54;;R$ / litro;SABBÁ
N;AC;RIO BRANCO;AUTO POSTO DISTRITO LTDA.; 04.087.649/0001-42;RUA 03;S/N;LOTE:08 ZONA:A  ST:4;DISTRITO INDUSTRIAL;69917-100;GASOLINA;02/01/2025;7,44;;R$ / litro;VIBRA
N;AC;RIO BRANCO;AUTO POSTO DISTRITO LTDA.; 04.087.649/0001-42;RUA 03;S/N;LOTE:08 ZONA:A  ST:4;DISTRITO INDUSTRIAL;69917-100;GASOLINA ADITIVADA;02/01/2025;7,44;;R$ / litro;VIBRA
N;AC;RIO BRANCO;AUTO POSTO DISTRITO LTDA.; 04.087.649/0001-42;RUA 03;S/N;LOTE:08 ZONA:A  ST:4;DISTRITO INDUSTRIAL;69917-100;ETANOL;02/01/2025;5,09;;R$ / litro;VIBRA
N;AC;RIO BRANCO;AUTO POSTO SANTO ANTONIO LTDA; 14.412.076/0001-39;RUA ISAURA PARENTE;3265;;EST EXPERIMENTAL;69908-210;GASOLINA;02/01/2025;7,45;;R$ / litro;VIBRA
N;AC;RIO BRANCO;AUTO POSTO SANTO ANTONIO LTDA; 14.412.076/0001-39;RUA ISAURA PARENTE;3265;;EST EXPERIMENTAL;69908-210;GASOLINA ADITIVADA;02/01/2025;7,49;;R$ / litro;VIBRA
N;AC;RIO BRANCO;AUTO POSTO SANTO ANTONIO LTDA; 14.412.076/0001-39;RUA ISAURA PARENTE;3265;;EST EXPERIMENTAL;69908-210;DIESEL;02/01/2025;7,45;;R$ / litro;VIBRA
N;AC;RIO BRANCO;AUTO POSTO SANTO ANTONIO LTDA; 14.412.076/0001-39;RUA ISAURA PARENTE;3265;;EST EXPERIMENTAL;69908-210;DIESEL S10;02/01/2025;7,49;;R$ / litro;VIBRA
N;AC;RIO BRANCO;AUTO POSTO SANTO ANTONIO LTDA; 14.412.076/0001-39;RUA ISAURA PARENTE;3265;;EST EXPERIMENTAL;69908-210;ETANOL;02/01/2025;5,05;;R$ / litro;VIBRA
NE;BA;BARREIRAS;SANDRA REGINA COMBUSTIVEIS LTDA EM RECUPERACAO JUDICIAL; 03.131.522/0001-10;AVENIDA ANTONIO CARLOS MAGALHAES;606;;JARDIM OURO BRANCO;47802-147;GASOLINA ADITIVADA;02/01/2025;6,49;;R$ / litro;LARCO
NE;BA;BARREIRAS;SANDRA REGINA COMBUSTIVEIS LTDA EM RECUPERACAO JUDICIAL; 03.131.522/0001-10;AVENIDA ANTONIO CARLOS MAGALHAES;606;;JARDIM OURO BRANCO;47802-147;DIESEL;02/01/2025;6,48;;R$ / litro;LARCO
NE;BA;BARREIRAS;SANDRA REGINA COMBUSTIVEIS LTDA EM RECUPERACAO JUDICIAL; 03.131.522/0001-10;AVENIDA ANTONIO CARLOS MAGALHAES;606;;JARDIM OURO BRANCO;47802-147;DIESEL S10;02/01/2025;6,58;;R$ / litro;LARCO
NE;BA;BARREIRAS;SANDRA REGINA COMBUSTIVEIS LTDA EM RECUPERACAO JUDICIAL; 03.131.522/0001-10;AVENIDA ANTONIO CARLOS MAGALHAES;606;;JARDIM OURO BRANCO;47802-147;ETANOL;02/01/2025;4,39;;R$ / litro;LARCO
NE;BA;BARREIRAS;DT COMBUSTIVEIS LTDA EM RECUPERACAO JUDICIAL; 08.546.610/0001-05;AVENIDA ANTONIO CARLOS MAGALHAES;2024;;NOVO HORIZONTE;47802-366;GASOLINA ADITIVADA;02/01/2025;6,49;;R$ / litro;LARCO
NE;BA;BARREIRAS;DT COMBUSTIVEIS LTDA EM RECUPERACAO JUDICIAL; 08.546.610/0001-05;AVENIDA ANTONIO CARLOS MAGALHAES;2024;;NOVO HORIZONTE;47802-366;DIESEL;02/01/2025;6,48;;R$ / litro;LARCO
NE;BA;BARREIRAS;DT COMBUSTIVEIS LTDA EM RECUPERACAO JUDICIAL; 08.546.610/0001-05;AVENIDA ANTONIO CARLOS MAGALHAES;2024;;NOVO HORIZONTE;47802-366;DIESEL S10;02/01/2025;6,58;;R$ / litro;LARCO
NE;BA;BARREIRAS;DT COMBUSTIVEIS LTDA EM RECUPERACAO JUDICIAL; 08.546.610/0001-05;AVENIDA ANTONIO CARLOS MAGALHAES;2024;;NOVO HORIZONTE;47802-366;ETANOL;02/01/2025;4,39;;R$ / litro;LARCO
NE;BA;BARREIRAS;SABBA COMBUSTIVEIS LTDA; 01.664.891/0001-43;RUA SAO BERNARDO;35;;VILA DOS SAS;47810-760;GASOLINA;02/01/2025;6,39;;R$ / litro;RAIZEN
NE;BA;BARREIRAS;SABBA COMBUSTIVEIS LTDA; 01.664.891/0001-43;RUA SAO BERNARDO;35;;VILA DOS SAS;47810-760;GASOLINA ADITIVADA;02/01/2025;6,59;;R$ / litro;RAIZEN
NE;BA;BARREIRAS;SABBA COMBUSTIVEIS LTDA; 01.664.891/0001-43;RUA SAO BERNARDO;35;;VILA DOS SAS;47810-760;DIESEL;02/01/2025;6,49;;R$ / litro;RAIZEN
NE;BA;ITAMARAJU;BENTIVI DERIVADOS DE PETROLEO LTDA; 13.683.818/0001-06;RODOVIA BR 101;S/N;KM 808;SEDE;45836-000;ETANOL;02/01/2025;4,65;;R$ / litro;IPIRANGA
NE;BA;ITAMARAJU;BENTIVI DERIVADOS DE PETROLEO LTDA; 13.683.818/0001-06;RODOVIA BR 101;S/N;KM 808;SEDE;45836-000;GASOLINA;02/01/2025;6,55;;R$ / litro;IPIRANGA
NE;BA;ITAMARAJU;BENTIVI DERIVADOS DE PETROLEO LTDA; 13.683.818/0001-06;RODOVIA BR 101;S/N;KM 808;SEDE;45836-000;GASOLINA ADITIVADA;02/01/2025;6,65;;R$ / litro;IPIRANGA
NE;BA;ITAMARAJU;BENTIVI DERIVADOS DE PETROLEO LTDA; 13.683.818/0001-06;RODOVIA BR 101;S/N;KM 808;SEDE;45836-000;DIESEL;02/01/2025;6,33;;R$ / litro;IPIRANGA
NE;BA;ITAMARAJU;BENTIVI DERIVADOS DE PETROLEO LTDA; 13.683.818/0001-06;RODOVIA BR 101;S/N;KM 808;SEDE;45836-000;DIESEL S10;02/01/2025;6,39;;R$ / litro;IPIRANGA
NE;BA;SALVADOR;ESTELLA MARIS DERIVADOS DE PETROLEO LTDA; 00.704.922/0001-80;RUA D - PARQUE STELLA MARIS;92;LOTES 05, 06 E 07;STELLA MARIS;41500-060;GASOLINA;02/01/2025;6,39;;R$ / litro;VIBRA
NE;BA;SALVADOR;ESTELLA MARIS DERIVADOS DE PETROLEO LTDA; 00.704.922/0001-80;RUA D - PARQUE STELLA MARIS;92;LOTES 05, 06 E 07;STELLA MARIS;41500-060;GASOLINA ADITIVADA;02/01/2025;6,59;;R$ / litro;VIBRA
NE;BA;SALVADOR;ESTELLA MARIS DERIVADOS DE PETROLEO LTDA; 00.704.922/0001-80;RUA D - PARQUE STELLA MARIS;92;LOTES 05, 06 E 07;STELLA MARIS;41500-060;DIESEL S10;02/01/2025;6,19;;R$ / litro;VIBRA
NE;BA;SALVADOR;ESTELLA MARIS DERIVADOS DE PETROLEO LTDA; 00.704.922/0001-80;RUA D - PARQUE STELLA MARIS;92;LOTES 05, 06 E 07;STELLA MARIS;41500-060;ETANOL;02/01/2025;4,59;;R$ / litro;VIBRA
NE;CE;JUAZEIRO DO NORTE;ARAUJO PETROLEO LTDA; 00.089.746/0002-02;AVENIDA CASTELO BRANCO;253;;SANTA TERESA;63050-480;GASOLINA;02/01/2025;6,29;;R$ / litro;VIBRA
NE;CE;JUAZEIRO DO NORTE;ARAUJO PETROLEO LTDA; 00.089.746/0002-02;AVENIDA CASTELO BRANCO;253;;SANTA TERESA;63050-480;GASOLINA ADITIVADA;02/01/2025;6,29;;R$ / litro;VIBRA
NE;CE;JUAZEIRO DO NORTE;ARAUJO PETROLEO LTDA; 00.089.746/0002-02;AVENIDA CASTELO BRANCO;253;;SANTA TERESA;63050-480;ETANOL;02/01/2025;4,98;;R$ / litro;VIBRA
NE;CE;JUAZEIRO DO NORTE;URBANO COMERCIO DE LUBRIFICANTES LIMITADA; 05.775.567/0001-53;RUA JOSE ANDRADE DE LAVOR;2734;;ROMEIRAO;63050-430;GASOLINA;02/01/2025;6,25;;R$ / litro;VIBRA
NE;CE;JUAZEIRO DO NORTE;URBANO COMERCIO DE LUBRIFICANTES LIMITADA; 05.775.567/0001-53;RUA JOSE ANDRADE DE LAVOR;2734;;ROMEIRAO;63050-430;GASOLINA ADITIVADA;02/01/2025;6,37;;R$ / litro;VIBRA
NE;CE;JUAZEIRO DO NORTE;M D PETROLEO LTDA; 86.956.182/0001-94;AVENIDA PRESIDENTE CASTELO BRANCO;618;;PIRAJA;63034-112;GASOLINA;02/01/2025;6,46;;R$ / litro;ALE
NE;CE;JUAZEIRO DO NORTE;M D PETROLEO LTDA; 86.956.182/0001-94;AVENIDA PRESIDENTE CASTELO BRANCO;618;;PIRAJA;63034-112;GASOLINA ADITIVADA;02/01/2025;6,48;;R$ / litro;ALE
NE;CE;JUAZEIRO DO NORTE;M D PETROLEO LTDA; 86.956.182/0001-94;AVENIDA PRESIDENTE CASTELO BRANCO;618;;PIRAJA;63034-112;DIESEL S10;02/01/2025;6,46;;R$ / litro;ALE
NE;CE;JUAZEIRO DO NORTE;M D PETROLEO LTDA; 86.956.182/0001-94;AVENIDA PRESIDENTE CASTELO BRANCO;618;;PIRAJA;63034-112;ETANOL;02/01/2025;5,45;;R$ / litro;ALE
NE;CE;JUAZEIRO DO NORTE;MARCIANO COMERCIO DE COMBUSTIVEIS E LUBRIFICANTES LTDA; 07.053.903/0004-22;AVENIDA PADRE CICERO;2506;;TRIANGULO;63041-140;GASOLINA;02/01/2025;6,09;;R$ / litro;BRANCA
NE;CE;JUAZEIRO DO NORTE;MARCIANO COMERCIO DE COMBUSTIVEIS E LUBRIFICANTES LTDA; 07.053.903/0004-22;AVENIDA PADRE CICERO;2506;;TRIANGULO;63041-140;GASOLINA ADITIVADA;02/01/2025;6,65;;R$ / litro;BRANCA
NE;CE;JUAZEIRO DO NORTE;MARCIANO COMERCIO DE COMBUSTIVEIS E LUBRIFICANTES LTDA; 07.053.903/0004-22;AVENIDA PADRE CICERO;2506;;TRIANGULO;63041-140;DIESEL S10;02/01/2025;6,69;;R$ / litro;BRANCA
NE;CE;JUAZEIRO DO NORTE;MARCIANO COMERCIO DE COMBUSTIVEIS E LUBRIFICANTES LTDA; 07.053.903/0004-22;AVENIDA PADRE CICERO;2506;;TRIANGULO;63041-140;ETANOL;02/01/2025;5,19;;R$ / litro;BRANCA
NE;CE;JUAZEIRO DO NORTE;M. T. D. F. PETROLEO LTDA; 03.312.532/0001-52;AVENIDA PADRE CICERO;2200;;SALESIANOS;63050-292;GASOLINA;02/01/2025;6,09;;R$ / litro;BRANCA
NE;CE;JUAZEIRO DO NORTE;M. T. D. F. PETROLEO LTDA; 03.312.532/0001-52;AVENIDA PADRE CICERO;2200;;SALESIANOS;63050-292;GASOLINA ADITIVADA;02/01/2025;6,65;;R$ / litro;BRANCA
NE;CE;JUAZEIRO DO NORTE;M. T. D. F. PETROLEO LTDA; 03.312.532/0001-52;AVENIDA PADRE CICERO;2200;;SALESIANOS;63050-292;DIESEL S10;02/01/2025;6,69;;R$ / litro;BRANCA
NE;CE;JUAZEIRO DO NORTE;WR PETROLEO E DERIVADOS LTDA; 00.293.343/0001-91;AVENIDA PADRE CICERO;1910;;SALESIANO;63010-020;GASOLINA;02/01/2025;6;;R$ / litro;BRANCA
NE;CE;JUAZEIRO DO NORTE;WR PETROLEO E DERIVADOS LTDA; 00.293.343/0001-91;AVENIDA PADRE CICERO;1910;;SALESIANO;63010-020;GASOLINA ADITIVADA;02/01/2025;6,05;;R$ / litro;BRANCA
NE;CE;JUAZEIRO DO NORTE;WR PETROLEO E DERIVADOS LTDA; 00.293.343/0001-91;AVENIDA PADRE CICERO;1910;;SALESIANO;63010-020;DIESEL S10;02/01/2025;6,3;;R$ / litro;BRANCA
NE;CE;JUAZEIRO DO NORTE;WR PETROLEO E DERIVADOS LTDA; 00.293.343/0001-91;AVENIDA PADRE CICERO;1910;;SALESIANO;63010-020;ETANOL;02/01/2025;5;;R$ / litro;BRANCA
NE;CE;FORTALEZA;DIAS COMERCIO DE DERIVADOS DE PETROLEO LTDA; 08.509.458/0001-82;RODOVIA DOUTOR MENDEL STEINBRUCH;6750;;ARACAPE;60765-005;GNV;02/01/2025;4,85;;R$ / m³;RAIZEN
NE;CE;FORTALEZA;DIAS COMERCIO DE DERIVADOS DE PETROLEO LTDA; 08.509.458/0001-82;RODOVIA DOUTOR MENDEL STEINBRUCH;6750;;ARACAPE;60765-005;GASOLINA;02/01/2025;6,39;;R$ / litro;RAIZEN
NE;CE;FORTALEZA;DIAS COMERCIO DE DERIVADOS DE PETROLEO LTDA; 08.509.458/0001-82;RODOVIA DOUTOR MENDEL STEINBRUCH;6750;;ARACAPE;60765-005;GASOLINA ADITIVADA;02/01/2025;6,39;;R$ / litro;RAIZEN
NE;CE;FORTALEZA;DIAS COMERCIO DE DERIVADOS DE PETROLEO LTDA; 08.509.458/0001-82;RODOVIA DOUTOR MENDEL STEINBRUCH;6750;;ARACAPE;60765-005;DIESEL S10;02/01/2025;6,19;;R$ / litro;RAIZEN
NE;CE;FORTALEZA;DIAS COMERCIO DE DERIVADOS DE PETROLEO LTDA; 08.509.458/0001-82;RODOVIA DOUTOR MENDEL STEINBRUCH;6750;;ARACAPE;60765-005;ETANOL;02/01/2025;4,69;;R$ / litro;RAIZEN
SE;ES;LINHARES;AUTO SERVICO FLORESTA LTDA; 05.609.081/0001-45;AVENIDA PREFEITO SAMUEL BATISTA CRUZ;1276;;ARACA;29900-100;GASOLINA;02/01/2025;6,49;;R$ / litro;VIBRA
SE;ES;LINHARES;AUTO SERVICO FLORESTA LTDA; 05.609.081/0001-45;AVENIDA PREFEITO SAMUEL BATISTA CRUZ;1276;;ARACA;29900-100;DIESEL;02/01/2025;5,89;;R$ / litro;VIBRA
SE;ES;LINHARES;CAMATTA & CIA LTDA; 30.578.975/0001-62;AVENIDA WENCESLAU BRAZ;133;;CENTRO;29901-260;GASOLINA;02/01/2025;6,49;;R$ / litro;IPIRANGA
SE;ES;LINHARES;CAMATTA & CIA LTDA; 30.578.975/0001-62;AVENIDA WENCESLAU BRAZ;133;;CENTRO;29901-260;GASOLINA ADITIVADA;02/01/2025;6,49;;R$ / litro;IPIRANGA
SE;ES;LINHARES;CAMATTA & CIA LTDA; 30.578.975/0001-62;AVENIDA WENCESLAU BRAZ;133;;CENTRO;29901-260;DIESEL;02/01/2025;5,89;;R$ / litro;IPIRANGA
SE;ES;LINHARES;CAMATTA & CIA LTDA; 30.578.975/0001-62;AVENIDA WENCESLAU BRAZ;133;;CENTRO;29901-260;DIESEL S10;02/01/2025;5,99;;R$ / litro;IPIRANGA
SE;ES;LINHARES;AUTO POSTO DADINHO LTDA; 27.303.411/0001-02;RODOVIA BR 101;S/N;KM 140;CANIVETE;29901-401;GASOLINA;02/01/2025;6,49;;R$ / litro;IPIRANGA
SE;ES;LINHARES;AUTO POSTO DADINHO LTDA; 27.303.411/0001-02;RODOVIA BR 101;S/N;KM 140;CANIVETE;29901-401;GASOLINA ADITIVADA;02/01/2025;6,59;;R$ / litro;IPIRANGA
SE;ES;LINHARES;AUTO POSTO DADINHO LTDA; 27.303.411/0001-02;RODOVIA BR 101;S/N;KM 140;CANIVETE;29901-401;DIESEL;02/01/2025;5,89;;R$ / litro;IPIRANGA
SE;ES;LINHARES;AUTO POSTO DADINHO LTDA; 27.303.411/0001-02;RODOVIA BR 101;S/N;KM 140;CANIVETE;29901-401;DIESEL S10;02/01/2025;5,99;;R$ / litro;IPIRANGA
SE;ES;LINHARES;AUTO POSTO DADINHO LTDA; 27.303.411/0001-02;RODOVIA BR 101;S/N;KM 140;CANIVETE;29901-401;ETANOL;02/01/2025;4,49;;R$ / litro;IPIRANGA
SE;ES;LINHARES;POSTO IRMAOS CAMATTA LTDA; 05.349.237/0001-04;RODOVIA BR 101, KM 143;S/N;;CANIVETE;29909-010;GASOLINA;02/01/2025;6,49;;R$ / litro;VIBRA
SE;ES;LINHARES;POSTO IRMAOS CAMATTA LTDA; 05.349.237/0001-04;RODOVIA BR 101, KM 143;S/N;;CANIVETE;29909-010;GASOLINA ADITIVADA;02/01/2025;6,49;;R$ / litro;VIBRA
CO;GO;ANAPOLIS;COMERCIO DE DERIVADOS DE PETROLEO NOVA CAPITAL LTDA; 07.034.167/0001-12;AVENIDA SAO FRANCISCO DE ASSIS;1555;;JUNDIAI;75110-810;DIESEL;02/01/2025;5,89;;R$ / litro;RAIZEN
CO;GO;ANAPOLIS;AUTO POSTO CARRETEIRO LTDA; 03.879.004/0001-80;AVENIDA BRASIL NORTE;4801;;JARDIM DAS AMÉRICAS;75045-190;GASOLINA;02/01/2025;5,99;;R$ / litro;VIBRA
CO;GO;ANAPOLIS;AUTO POSTO CARRETEIRO LTDA; 03.879.004/0001-80;AVENIDA BRASIL NORTE;4801;;JARDIM DAS AMÉRICAS;75045-190;GASOLINA ADITIVADA;02/01/2025;5,99;;R$ / litro;VIBRA
CO;GO;ANAPOLIS;AUTO POSTO CARRETEIRO LTDA; 03.879.004/0001-80;AVENIDA BRASIL NORTE;4801;;JARDIM DAS AMÉRICAS;75045-190;DIESEL;02/01/2025;5,94;;R$ / litro;VIBRA
CO;GO;ANAPOLIS;AUTO POSTO CARRETEIRO LTDA; 03.879.004/0001-80;AVENIDA BRASIL NORTE;4801;;JARDIM DAS AMÉRICAS;75045-190;ETANOL;02/01/2025;3,99;;R$ / litro;VIBRA
CO;GO;ANAPOLIS;POSTO SAO FRANCISCO LTDA; 25.080.920/0001-98;AVENIDA SAO FRANCISCO DE ASSIS;470;480;JUNDIAI;75110-810;GASOLINA;02/01/2025;5,99;;R$ / litro;IPIRANGA
CO;GO;ANAPOLIS;POSTO SAO FRANCISCO LTDA; 25.080.920/0001-98;AVENIDA SAO FRANCISCO DE ASSIS;470;480;JUNDIAI;75110-810;GASOLINA ADITIVADA;02/01/2025;6,19;;R$ / litro;IPIRANGA
CO;GO;ANAPOLIS;POSTO SAO FRANCISCO LTDA; 25.080.920/0001-98;AVENIDA SAO FRANCISCO DE ASSIS;470;480;JUNDIAI;75110-810;DIESEL S10;02/01/2025;6,09;;R$ / litro;IPIRANGA
CO;GO;ANAPOLIS;POSTO SAO FRANCISCO LTDA; 25.080.920/0001-98;AVENIDA SAO FRANCISCO DE ASSIS;470;480;JUNDIAI;75110-810;ETANOL;02/01/2025;3,89;;R$ / litro;IPIRANGA
N;TO;PARAISO DO TOCANTINS;MEDEIROS E CABRAL LTDA; 08.318.079/0001-05;AVENIDA TRANSBRASILIANA;1533;POSTO INTERLAGOS;SETOR INTERLAGOS;77600-000;GASOLINA;02/01/2025;6,44;;R$ / litro;VIBRA
N;TO;PARAISO DO TOCANTINS;MEDEIROS E CABRAL LTDA; 08.318.079/0001-05;AVENIDA TRANSBRASILIANA;1533;POSTO INTERLAGOS;SETOR INTERLAGOS;77600-000;GASOLINA ADITIVADA;02/01/2025;6,59;;R$ / litro;VIBRA
N;TO;PARAISO DO TOCANTINS;MEDEIROS E CABRAL LTDA; 08.318.079/0001-05;AVENIDA TRANSBRASILIANA;1533;POSTO INTERLAGOS;SETOR INTERLAGOS;77600-000;ETANOL;02/01/2025;4,99;;R$ / litro;VIBRA
N;TO;PARAISO DO TOCANTINS;POSTO DE COMBUSTIVEIS ECOPETRO LTDA; 05.850.518/0001-38;AVENIDA TRANSBRASILIANA;SN;QD 78 LTS 09 A 11;CENTRO;77600-000;GASOLINA;02/01/2025;6,25;;R$ / litro;VIBRA
N;TO;PARAISO DO TOCANTINS;POSTO DE COMBUSTIVEIS ECOPETRO LTDA; 05.850.518/0001-38;AVENIDA TRANSBRASILIANA;SN;QD 78 LTS 09 A 11;CENTRO;77600-000;GASOLINA ADITIVADA;02/01/2025;6,35;;R$ / litro;VIBRA
N;TO;PARAISO DO TOCANTINS;POSTO DE COMBUSTIVEIS ECOPETRO LTDA; 05.850.518/0001-38;AVENIDA TRANSBRASILIANA;SN;QD 78 LTS 09 A 11;CENTRO;77600-000;DIESEL;02/01/2025;5,91;;R$ / litro;VIBRA
N;TO;PARAISO DO TOCANTINS;POSTO DE COMBUSTIVEIS ECOPETRO LTDA; 05.850.518/0001-38;AVENIDA TRANSBRASILIANA;SN;QD 78 LTS 09 A 11;CENTRO;77600-000;DIESEL S10;02/01/2025;5,94;;R$ / litro;VIBRA
N;TO;PARAISO DO TOCANTINS;POSTO DE COMBUSTIVEIS ECOPETRO LTDA; 05.850.518/0001-38;AVENIDA TRANSBRASILIANA;SN;QD 78 LTS 09 A 11;CENTRO;77600-000;ETANOL;02/01/2025;4,69;;R$ / litro;VIBRA
N;TO;PARAISO DO TOCANTINS;MEDEIROS E CIA LTDA; 04.874.758/0001-00;AVENIDA BERNARDO SAYÃO;484;;CENTRO;77600-000;GASOLINA;02/01/2025;6,24;;R$ / litro;BRANCA
N;TO;PARAISO DO TOCANTINS;MEDEIROS E CIA LTDA; 04.874.758/0001-00;AVENIDA BERNARDO SAYÃO;484;;CENTRO;77600-000;GASOLINA ADITIVADA;02/01/2025;6,25;;R$ / litro;BRANCA
N;TO;PARAISO DO TOCANTINS;MEDEIROS E CIA LTDA; 04.874.758/0001-00;AVENIDA BERNARDO SAYÃO;484;;CENTRO;77600-000;DIESEL;02/01/2025;5,84;;R$ / litro;BRANCA
N;TO;PARAISO DO TOCANTINS;MEDEIROS E CIA LTDA; 04.874.758/0001-00;AVENIDA BERNARDO SAYÃO;484;;CENTRO;77600-000;DIESEL S10;02/01/2025;5,94;;R$ / litro;BRANCA
N;TO;PARAISO DO TOCANTINS;MEDEIROS COMERCIO VAREJISTA DE COMBUSTIVEIS LTDA; 03.775.225/0001-08;AVENIDA TRANSBRASILIANA;961;CX. POSTAL 23;CENTRO;77600-000;GASOLINA;02/01/2025;6,2;;R$ / litro;BRANCA
N;TO;PARAISO DO TOCANTINS;MEDEIROS COMERCIO VAREJISTA DE COMBUSTIVEIS LTDA; 03.775.225/0001-08;AVENIDA TRANSBRASILIANA;961;CX. POSTAL 23;CENTRO;77600-000;GASOLINA ADITIVADA;02/01/2025;6,3;;R$ / litro;BRANCA
N;TO;PARAISO DO TOCANTINS;MEDEIROS COMERCIO VAREJISTA DE COMBUSTIVEIS LTDA; 03.775.225/0001-08;AVENIDA TRANSBRASILIANA;961;CX. POSTAL 23;CENTRO;77600-000;DIESEL;02/01/2025;5,9;;R$ / litro;BRANCA
N;TO;PARAISO DO TOCANTINS;MEDEIROS COMERCIO VAREJISTA DE COMBUSTIVEIS LTDA; 03.775.225/0001-08;AVENIDA TRANSBRASILIANA;961;CX. POSTAL 23;CENTRO;77600-000;DIESEL S10;02/01/2025;5,94;;R$ / litro;BRANCA
N;TO;PARAISO DO TOCANTINS;MEDEIROS COMERCIO VAREJISTA DE COMBUSTIVEIS LTDA; 03.775.225/0001-08;AVENIDA TRANSBRASILIANA;961;CX. POSTAL 23;CENTRO;77600-000;ETANOL;02/01/2025;4,9;;R$ / litro;BRANCA
N;TO;PARAISO DO TOCANTINS;POSTO MILENA LTDA; 01.673.698/0001-79;AVENIDA AV. TRANSBRASILIANA ESQ. C/ AV. B;S/N;QUADRA28                  LOTE  09 AO 14            QUADRA29                  LOTE  04 A 28;ST. MILENA;77600-000;DIESEL S10;02/01/2025;5,95;;R$ / litro;IPIRANGA
N;TO;PARAISO DO TOCANTINS;POSTO MILENA LTDA; 01.673.698/0001-79;AVENIDA AV. TRANSBRASILIANA ESQ. C/ AV. B;S/N;QUADRA28                  LOTE  09 AO 14            QUADRA29                  LOTE  04 A 28;ST. MILENA;77600-000;ETANOL;02/01/2025;4,98;;R$ / litro;IPIRANGA
N;TO;PARAISO DO TOCANTINS;POSTO MILENA LTDA; 01.673.698/0001-79;AVENIDA AV. TRANSBRASILIANA ESQ. C/ AV. B;S/N;QUADRA28                  LOTE  09 AO 14            QUADRA29                  LOTE  04 A 28;ST. MILENA;77600-000;GASOLINA;02/01/2025;6,38;;R$ / litro;IPIRANGA
N;TO;PARAISO DO TOCANTINS;POSTO MILENA LTDA; 01.673.698/0001-79;AVENIDA AV. TRANSBRASILIANA ESQ. C/ AV. B;S/N;QUADRA28                  LOTE  09 AO 14            QUADRA29                  LOTE  04 A 28;ST. MILENA;77600-000;GASOLINA ADITIVADA;02/01/2025;6,51;;R$ / litro;IPIRANGA
N;TO;PARAISO DO TOCANTINS;POSTO MILENA LTDA; 01.673.698/0001-79;AVENIDA AV. TRANSBRASILIANA ESQ. C/ AV. B;S/N;QUADRA28                  LOTE  09 AO 14            QUADRA29                  LOTE  04 A 28;ST. MILENA;77600-000;DIESEL;02/01/2025;5,95;;R$ / litro;IPIRANGA
N;TO;PARAISO DO TOCANTINS;LOPES & MARINHO LTDA; 01.066.091/0001-20;AVENIDA CASTELO BRANCO;1111;QUADRA21                  LOTE  7A                  LOTE  8                   LOTE  9                   LOTE  10;CENTRO;77600-000;GASOLINA;02/01/2025;6,25;;R$ / litro;VIBRA
N;TO;PARAISO DO TOCANTINS;LOPES & MARINHO LTDA; 01.066.091/0001-20;AVENIDA CASTELO BRANCO;1111;QUADRA21                  LOTE  7A                  LOTE  8                   LOTE  9                   LOTE  10;CENTRO;77600-000;GASOLINA ADITIVADA;02/01/2025;6,29;;R$ / litro;VIBRA
N;TO;PARAISO DO TOCANTINS;LOPES & MARINHO LTDA; 01.066.091/0001-20;AVENIDA CASTELO BRANCO;1111;QUADRA21                  LOTE  7A                  LOTE  8                   LOTE  9                   LOTE  10;CENTRO;77600-000;DIESEL;02/01/2025;5,9;;R$ / litro;VIBRA
N;TO;PARAISO DO TOCANTINS;LOPES & MARINHO LTDA; 01.066.091/0001-20;AVENIDA CASTELO BRANCO;1111;QUADRA21                  LOTE  7A                  LOTE  8                   LOTE  9                   LOTE  10;CENTRO;77600-000;DIESEL S10;02/01/2025;5,93;;R$ / litro;VIBRA
N;TO;PARAISO DO TOCANTINS;LOPES & MARINHO LTDA; 01.066.091/0001-20;AVENIDA CASTELO BRANCO;1111;QUADRA21                  LOTE  7A                  LOTE  8                   LOTE  9                   LOTE  10;CENTRO;77600-000;ETANOL;02/01/2025;4,59;;R$ / litro;VIBRA
CO;GO;RIO VERDE;CENTRO COMERCIAL CAMPESTRE E SERVICOS LTDA; 02.167.542/0001-89;RODOVIA BR 060;SN;KM    388;PERIMETRO URBANO;75901-970;GASOLINA;02/01/2025;5,99;;R$ / litro;VIBRA
CO;GO;RIO VERDE;CENTRO COMERCIAL CAMPESTRE E SERVICOS LTDA; 02.167.542/0001-89;RODOVIA BR 060;SN;KM    388;PERIMETRO URBANO;75901-970;DIESEL;02/01/2025;6,02;;R$ / litro;VIBRA
CO;GO;RIO VERDE;CENTRO COMERCIAL CAMPESTRE E SERVICOS LTDA; 02.167.542/0001-89;RODOVIA BR 060;SN;KM    388;PERIMETRO URBANO;75901-970;ETANOL;02/01/2025;4,12;;R$ / litro;VIBRA
CO;GO;RIO VERDE;R.F. AUTO POSTO LTDA; 37.350.246/0001-01;RUA RUI BARBOSA;953;;CENTRO;75901-250;GASOLINA;02/01/2025;5,99;;R$ / litro;VIBRA
CO;GO;RIO VERDE;R.F. AUTO POSTO LTDA; 37.350.246/0001-01;RUA RUI BARBOSA;953;;CENTRO;75901-250;GASOLINA ADITIVADA;02/01/2025;5,99;;R$ / litro;VIBRA
CO;GO;RIO VERDE;R.F. AUTO POSTO LTDA; 37.350.246/0001-01;RUA RUI BARBOSA;953;;CENTRO;75901-250;ETANOL;02/01/2025;3,99;;R$ / litro;VIBRA
CO;GO;RIO VERDE;DECIO L13 LIMITADA; 03.194.071/0001-60;RUA GUMERCINDO FERREIRA;60;;CENTRO;75901-310;GASOLINA;02/01/2025;5,99;;R$ / litro;BRANCA
CO;GO;RIO VERDE;DECIO L13 LIMITADA; 03.194.071/0001-60;RUA GUMERCINDO FERREIRA;60;;CENTRO;75901-310;GASOLINA ADITIVADA;02/01/2025;6,29;;R$ / litro;BRANCA
CO;GO;RIO VERDE;DECIO L13 LIMITADA; 03.194.071/0001-60;RUA GUMERCINDO FERREIRA;60;;CENTRO;75901-310;DIESEL S10;02/01/2025;6,19;;R$ / litro;BRANCA
CO;GO;RIO VERDE;DECIO L13 LIMITADA; 03.194.071/0001-60;RUA GUMERCINDO FERREIRA;60;;CENTRO;75901-310;ETANOL;02/01/2025;3,99;;R$ / litro;BRANCA
CO;GO;RIO VERDE;POSTO MORADA DO SOL LTDA; 01.477.306/0001-04;AVENIDA PRESIDENTE VARGAS;S/N;QUADRA07                  LOTE  01/07 E 10 AO 14;ODILIA;75908-844;GASOLINA;02/01/2025;5,99;;R$ / litro;BRANCA
CO;GO;RIO VERDE;POSTO MORADA DO SOL LTDA; 01.477.306/0001-04;AVENIDA PRESIDENTE VARGAS;S/N;QUADRA07                  LOTE  01/07 E 10 AO 14;ODILIA;75908-844;ETANOL;02/01/2025;3,99;;R$ / litro;BRANCA
CO;GO;RIO VERDE;POSTO BARRINHAS LTDA; 01.301.913/0001-00;AVENIDA JERONIMO MARTINS;4;;PARQUE BANDEIRANTE;75905-790;GASOLINA;02/01/2025;6,04;;R$ / litro;ALE
CO;GO;RIO VERDE;POSTO BARRINHAS LTDA; 01.301.913/0001-00;AVENIDA JERONIMO MARTINS;4;;PARQUE BANDEIRANTE;75905-790;GASOLINA ADITIVADA;02/01/2025;6,09;;R$ / litro;ALE
CO;GO;RIO VERDE;POSTO BARRINHAS LTDA; 01.301.913/0001-00;AVENIDA JERONIMO MARTINS;4;;PARQUE BANDEIRANTE;75905-790;ETANOL;02/01/2025;4,15;;R$ / litro;ALE
NE;MA;BARRA DO CORDA;MARCOS H. DA CUNHA; 02.962.193/0002-78;RODOVIA BR 226;100;KM 63;CAJAZEIRA;65950-000;GASOLINA;02/01/2025;6,25;;R$ / litro;BRANCA
NE;MA;BARRA DO CORDA;MARCOS H. DA CUNHA; 02.962.193/0002-78;RODOVIA BR 226;100;KM 63;CAJAZEIRA;65950-000;GASOLINA ADITIVADA;02/01/2025;6,25;;R$ / litro;BRANCA
NE;MA;BARRA DO CORDA;MARCOS H. DA CUNHA; 02.962.193/0002-78;RODOVIA BR 226;100;KM 63;CAJAZEIRA;65950-000;DIESEL;02/01/2025;5,75;;R$ / litro;BRANCA
NE;MA;BARRA DO CORDA;MARCOS H. DA CUNHA; 02.962.193/0002-78;RODOVIA BR 226;100;KM 63;CAJAZEIRA;65950-000;DIESEL S10;02/01/2025;5,85;;R$ / litro;BRANCA
NE;MA;BARRA DO CORDA;L. W. DE ALENCAR MENDES & CIA LTDA; 02.311.352/0001-93;AVENIDA PEDRO AMORIM;60;;ALTAMIRA;65950-000;GASOLINA;02/01/2025;6,25;;R$ / litro;BRANCA
NE;MA;BARRA DO CORDA;L. W. DE ALENCAR MENDES & CIA LTDA; 02.311.352/0001-93;AVENIDA PEDRO AMORIM;60;;ALTAMIRA;65950-000;GASOLINA ADITIVADA;02/01/2025;6,26;;R$ / litro;BRANCA
NE;MA;BARRA DO CORDA;L. W. DE ALENCAR MENDES & CIA LTDA; 02.311.352/0001-93;AVENIDA PEDRO AMORIM;60;;ALTAMIRA;65950-000;DIESEL;02/01/2025;5,89;;R$ / litro;BRANCA
NE;MA;BARRA DO CORDA;ANTONIO DE ALMEIDA CHAVES; 10.254.688/0001-90;RUA RIO NEGRO;S/N;;TRESIDELA;65950-000;GASOLINA;02/01/2025;6,25;;R$ / litro;BRANCA
NE;MA;BARRA DO CORDA;ANTONIO DE ALMEIDA CHAVES; 10.254.688/0001-90;RUA RIO NEGRO;S/N;;TRESIDELA;65950-000;DIESEL S10;02/01/2025;6,15;;R$ / litro;BRANCA
SE;MG;ALFENAS;REVAMAR LOPES LTDA; 02.674.176/0001-54;AVENIDA GOVERNADOR VALADARES;327;;CENTRO;37130-027;GASOLINA;02/01/2025;5,88;;R$ / litro;BRANCA
SE;MG;ALFENAS;REVAMAR LOPES LTDA; 02.674.176/0001-54;AVENIDA GOVERNADOR VALADARES;327;;CENTRO;37130-027;GASOLINA ADITIVADA;02/01/2025;5,98;;R$ / litro;BRANCA
SE;MG;ALFENAS;REVAMAR LOPES LTDA; 02.674.176/0001-54;AVENIDA GOVERNADOR VALADARES;327;;CENTRO;37130-027;DIESEL;02/01/2025;5,89;;R$ / litro;BRANCA
SE;MG;ALFENAS;REVAMAR LOPES LTDA; 02.674.176/0001-54;AVENIDA GOVERNADOR VALADARES;327;;CENTRO;37130-027;DIESEL S10;02/01/2025;5,99;;R$ / litro;BRANCA
SE;MG;ALFENAS;REVAMAR LOPES LTDA; 02.674.176/0001-54;AVENIDA GOVERNADOR VALADARES;327;;CENTRO;37130-027;ETANOL;02/01/2025;3,94;;R$ / litro;BRANCA
SE;MG;ALFENAS;NOSSO POSTO DE ALFENAS LTDA; 19.355.924/0001-39;AVENIDA GOVERNADOR VALADARES;896;;JARDIM SAO CARLOS;37130-001;GASOLINA;02/01/2025;5,88;;R$ / litro;BRANCA
SE;MG;ALFENAS;NOSSO POSTO DE ALFENAS LTDA; 19.355.924/0001-39;AVENIDA GOVERNADOR VALADARES;896;;JARDIM SAO CARLOS;37130-001;GASOLINA ADITIVADA;02/01/2025;5,88;;R$ / litro;BRANCA
SE;MG;ALFENAS;NOSSO POSTO DE ALFENAS LTDA; 19.355.924/0001-39;AVENIDA GOVERNADOR VALADARES;896;;JARDIM SAO CARLOS;37130-001;DIESEL;02/01/2025;5,93;;R$ / litro;BRANCA
SE;MG;ALFENAS;NOSSO POSTO DE ALFENAS LTDA; 19.355.924/0001-39;AVENIDA GOVERNADOR VALADARES;896;;JARDIM SAO CARLOS;37130-001;DIESEL S10;02/01/2025;5,98;;R$ / litro;BRANCA
SE;MG;ALFENAS;NOSSO POSTO DE ALFENAS LTDA; 19.355.924/0001-39;AVENIDA GOVERNADOR VALADARES;896;;JARDIM SAO CARLOS;37130-001;ETANOL;02/01/2025;3,94;;R$ / litro;BRANCA
SE;MG;ALFENAS;EDUARDO AFRANIO JUNQUEIRA; 00.730.081/0001-85;RUA JOAO DE SOUZA SOBRINHO;759;;VILA BETANIA;37130-000;GASOLINA;02/01/2025;5,88;;R$ / litro;BRANCA
SE;MG;ALFENAS;EDUARDO AFRANIO JUNQUEIRA; 00.730.081/0001-85;RUA JOAO DE SOUZA SOBRINHO;759;;VILA BETANIA;37130-000;DIESEL;02/01/2025;5,98;;R$ / litro;BRANCA
SE;MG;ALFENAS;EDUARDO AFRANIO JUNQUEIRA; 00.730.081/0001-85;RUA JOAO DE SOUZA SOBRINHO;759;;VILA BETANIA;37130-000;ETANOL;02/01/2025;3,94;;R$ / litro;BRANCA
SE;MG;BETIM;POSTO ALTEROSA LTDA; 08.077.863/0001-79;AVENIDA CAMPO DE OURIQUE;1265;;JARDIM ALTEROSA;32660-000;GASOLINA;02/01/2025;5,99;;R$ / litro;VIBRA
SE;MG;BETIM;POSTO ALTEROSA LTDA; 08.077.863/0001-79;AVENIDA CAMPO DE OURIQUE;1265;;JARDIM ALTEROSA;32660-000;GASOLINA ADITIVADA;02/01/2025;6,09;;R$ / litro;VIBRA
SE;MG;BETIM;POSTO ALTEROSA LTDA; 08.077.863/0001-79;AVENIDA CAMPO DE OURIQUE;1265;;JARDIM ALTEROSA;32660-000;DIESEL;02/01/2025;5,79;;R$ / litro;VIBRA
SE;MG;BETIM;POSTO ALTEROSA LTDA; 08.077.863/0001-79;AVENIDA CAMPO DE OURIQUE;1265;;JARDIM ALTEROSA;32660-000;DIESEL S10;02/01/2025;5,89;;R$ / litro;VIBRA
SE;MG;BETIM;POSTO ALTEROSA LTDA; 08.077.863/0001-79;AVENIDA CAMPO DE OURIQUE;1265;;JARDIM ALTEROSA;32660-000;ETANOL;02/01/2025;4,29;;R$ / litro;VIBRA
SE;MG;BETIM;POSTO PAMPAS LTDA; 20.256.228/0001-54;RODOVIA BR-381 FERNAO DIAS;S/N;KM    493;BETIM INDUSTRIAL;32670-420;GASOLINA;02/01/2025;5,99;;R$ / litro;RAIZEN
SE;MG;BETIM;POSTO PAMPAS LTDA; 20.256.228/0001-54;RODOVIA BR-381 FERNAO DIAS;S/N;KM    493;BETIM INDUSTRIAL;32670-420;DIESEL;02/01/2025;5,68;;R$ / litro;RAIZEN
SE;MG;BETIM;POSTO PAMPAS LTDA; 20.256.228/0001-54;RODOVIA BR-381 FERNAO DIAS;S/N;KM    493;BETIM INDUSTRIAL;32670-420;DIESEL S10;02/01/2025;5,78;;R$ / litro;RAIZEN
SE;MG;BETIM;POSTO PAMPAS LTDA; 20.256.228/0001-54;RODOVIA BR-381 FERNAO DIAS;S/N;KM    493;BETIM INDUSTRIAL;32670-420;ETANOL;02/01/2025;4,37;;R$ / litro;RAIZEN
SE;MG;BETIM;POSTO URANO LTDA; 03.588.462/0001-60;RODOVIA BR-381 FERNAO DIAS;S/N;KM    490 NORTE;SANTA CRUZ;32667-465;GASOLINA;02/01/2025;6,17;;R$ / litro;VIBRA
SE;MG;BETIM;POSTO URANO LTDA; 03.588.462/0001-60;RODOVIA BR-381 FERNAO DIAS;S/N;KM    490 NORTE;SANTA CRUZ;32667-465;GASOLINA ADITIVADA;02/01/2025;6,57;;R$ / litro;VIBRA
SE;MG;BETIM;POSTO URANO LTDA; 03.588.462/0001-60;RODOVIA BR-381 FERNAO DIAS;S/N;KM    490 NORTE;SANTA CRUZ;32667-465;DIESEL;02/01/2025;5,68;;R$ / litro;VIBRA
SE;MG;BETIM;POSTO URANO LTDA; 03.588.462/0001-60;RODOVIA BR-381 FERNAO DIAS;S/N;KM    490 NORTE;SANTA CRUZ;32667-465;DIESEL S10;02/01/2025;5,78;;R$ / litro;VIBRA
SE;MG;BETIM;POSTO URANO LTDA; 03.588.462/0001-60;RODOVIA BR-381 FERNAO DIAS;S/N;KM    490 NORTE;SANTA CRUZ;32667-465;ETANOL;02/01/2025;4,12;;R$ / litro;VIBRA
SE;MG;BETIM;POSTO JR DE BETIM LTDA; 03.250.119/0001-00;AVENIDA JUIZ MARCO TULIO ISAAC;5605;;JD DAS ALTEROSAS;32678-460;GASOLINA;02/01/2025;5,99;;R$ / litro;BRANCA
SE;MG;BETIM;POSTO JR DE BETIM LTDA; 03.250.119/0001-00;AVENIDA JUIZ MARCO TULIO ISAAC;5605;;JD DAS ALTEROSAS;32678-460;GASOLINA ADITIVADA;02/01/2025;6,14;;R$ / litro;BRANCA
SE;MG;BETIM;POSTO JR DE BETIM LTDA; 03.250.119/0001-00;AVENIDA JUIZ MARCO TULIO ISAAC;5605;;JD DAS ALTEROSAS;32678-460;DIESEL S10;02/01/2025;5,89;;R$ / litro;BRANCA
SE;MG;BETIM;POSTO JR DE BETIM LTDA; 03.250.119/0001-00;AVENIDA JUIZ MARCO TULIO ISAAC;5605;;JD DAS ALTEROSAS;32678-460;ETANOL;02/01/2025;4,35;;R$ / litro;BRANCA
SE;MG;BETIM;POSTO ALMEIDA MELO LTDA; 01.346.852/0001-06;RUA RIO MADEIRA;890;;SANTA CRUZ;32667-305;GASOLINA;02/01/2025;5,99;;R$ / litro;BRANCA
SE;MG;BETIM;POSTO ALMEIDA MELO LTDA; 01.346.852/0001-06;RUA RIO MADEIRA;890;;SANTA CRUZ;32667-305;DIESEL;02/01/2025;5,79;;R$ / litro;BRANCA
SE;MG;BETIM;POSTO ALMEIDA MELO LTDA; 01.346.852/0001-06;RUA RIO MADEIRA;890;;SANTA CRUZ;32667-305;DIESEL S10;02/01/2025;5,89;;R$ / litro;BRANCA
SE;MG;BETIM;POSTO ALMEIDA MELO LTDA; 01.346.852/0001-06;RUA RIO MADEIRA;890;;SANTA CRUZ;32667-305;ETANOL;02/01/2025;4,27;;R$ / litro;BRANCA
SE;MG;ALFENAS;AUTO POSTO PAULA FREITAS COM. DE COMBUSTIVEIS LTDA; 05.127.263/0001-80;RUA JOSE PARAISO;495;POSTO DE COMBUSTIVEL;RESIDENCIAL OLIVEIRA;37136-074;GASOLINA;02/01/2025;5,88;;R$ / litro;BRANCA
SE;MG;ALFENAS;AUTO POSTO PAULA FREITAS COM. DE COMBUSTIVEIS LTDA; 05.127.263/0001-80;RUA JOSE PARAISO;495;POSTO DE COMBUSTIVEL;RESIDENCIAL OLIVEIRA;37136-074;GASOLINA ADITIVADA;02/01/2025;5,88;;R$ / litro;BRANCA
SE;MG;ALFENAS;AUTO POSTO PAULA FREITAS COM. DE COMBUSTIVEIS LTDA; 05.127.263/0001-80;RUA JOSE PARAISO;495;POSTO DE COMBUSTIVEL;RESIDENCIAL OLIVEIRA;37136-074;DIESEL S10;02/01/2025;5,98;;R$ / litro;BRANCA
SE;MG;ALFENAS;AUTO POSTO PAULA FREITAS COM. DE COMBUSTIVEIS LTDA; 05.127.263/0001-80;RUA JOSE PARAISO;495;POSTO DE COMBUSTIVEL;RESIDENCIAL OLIVEIRA;37136-074;ETANOL;02/01/2025;3,94;;R$ / litro;BRANCA
SE;MG;CONTAGEM;EMPREENDIMENTOS BRITO LIMA LTDA; 03.812.019/0004-73;AVENIDA SEVERINO BALLESTEROS;256;;GUANABARA;32145-480;GASOLINA;02/01/2025;5,99;;R$ / litro;BRANCA
SE;MG;CONTAGEM;EMPREENDIMENTOS BRITO LIMA LTDA; 03.812.019/0004-73;AVENIDA SEVERINO BALLESTEROS;256;;GUANABARA;32145-480;DIESEL;02/01/2025;5,74;;R$ / litro;BRANCA
SE;MG;CONTAGEM;EMPREENDIMENTOS BRITO LIMA LTDA; 03.812.019/0004-73;AVENIDA SEVERINO BALLESTEROS;256;;GUANABARA;32145-480;DIESEL S10;02/01/2025;5,84;;R$ / litro;BRANCA
SE;MG;CONTAGEM;EMPREENDIMENTOS BRITO LIMA LTDA; 03.812.019/0004-73;AVENIDA SEVERINO BALLESTEROS;256;;GUANABARA;32145-480;ETANOL;02/01/2025;4,37;;R$ / litro;BRANCA
SE;MG;CONTAGEM;POSTO ZEPPE OASIS LTDA; 06.341.290/0001-13;VIA EXPRESSA;2600;;CINCO/PEROBAS;32370-485;GASOLINA;02/01/2025;5,99;;R$ / litro;VIBRA
SE;MG;CONTAGEM;POSTO ZEPPE OASIS LTDA; 06.341.290/0001-13;VIA EXPRESSA;2600;;CINCO/PEROBAS;32370-485;DIESEL;02/01/2025;5,74;;R$ / litro;VIBRA
SE;MG;CONTAGEM;POSTO ZEPPE OASIS LTDA; 06.341.290/0001-13;VIA EXPRESSA;2600;;CINCO/PEROBAS;32370-485;DIESEL S10;02/01/2025;5,84;;R$ / litro;VIBRA
SE;MG;CONTAGEM;POSTO ZEPPE OASIS LTDA; 06.341.290/0001-13;VIA EXPRESSA;2600;;CINCO/PEROBAS;32370-485;ETANOL;02/01/2025;4,19;;R$ / litro;VIBRA
SE;MG;CONTAGEM;VENETO EMPREENDIMENTO COMERCIAL LTDA; 05.655.316/0001-35;AVENIDA JOAO CESAR DE OLIVEIRA;4125;;NOVO ELDORADO;32341-001;GASOLINA;02/01/2025;6,09;;R$ / litro;VIBRA
SE;MG;CONTAGEM;VENETO EMPREENDIMENTO COMERCIAL LTDA; 05.655.316/0001-35;AVENIDA JOAO CESAR DE OLIVEIRA;4125;;NOVO ELDORADO;32341-001;GASOLINA ADITIVADA;02/01/2025;6,39;;R$ / litro;VIBRA
SE;MG;CONTAGEM;VENETO EMPREENDIMENTO COMERCIAL LTDA; 05.655.316/0001-35;AVENIDA JOAO CESAR DE OLIVEIRA;4125;;NOVO ELDORADO;32341-001;DIESEL S10;02/01/2025;5,89;;R$ / litro;VIBRA
SE;MG;CONTAGEM;VENETO EMPREENDIMENTO COMERCIAL LTDA; 05.655.316/0001-35;AVENIDA JOAO CESAR DE OLIVEIRA;4125;;NOVO ELDORADO;32341-001;ETANOL;02/01/2025;4,19;;R$ / litro;VIBRA
SE;MG;CONTAGEM;POSTO ZEPPE GRAND PRIX LTDA; 06.002.819/0001-74;VIA EXPRESSA;3;;BITACULA E PEROBAS;32371-190;GASOLINA;02/01/2025;5,99;;R$ / litro;IPIRANGA
SE;MG;CONTAGEM;POSTO ZEPPE GRAND PRIX LTDA; 06.002.819/0001-74;VIA EXPRESSA;3;;BITACULA E PEROBAS;32371-190;DIESEL;02/01/2025;5,74;;R$ / litro;IPIRANGA
SE;MG;CONTAGEM;POSTO ZEPPE GRAND PRIX LTDA; 06.002.819/0001-74;VIA EXPRESSA;3;;BITACULA E PEROBAS;32371-190;DIESEL S10;02/01/2025;5,84;;R$ / litro;IPIRANGA
SE;MG;CONTAGEM;POSTO ZEPPE GRAND PRIX LTDA; 06.002.819/0001-74;VIA EXPRESSA;3;;BITACULA E PEROBAS;32371-190;ETANOL;02/01/2025;4,19;;R$ / litro;IPIRANGA
SE;MG;CONTAGEM;POSTO OLEGARIO MACIEL LTDA; 17.158.627/0001-78;AVENIDA CORONEL BENJAMIM GUIMARAES;2288;;DISTRITO INDUSTRIAL;32223-000;GASOLINA;02/01/2025;5,99;;R$ / litro;VIBRA
SE;MG;CONTAGEM;POSTO OLEGARIO MACIEL LTDA; 17.158.627/0001-78;AVENIDA CORONEL BENJAMIM GUIMARAES;2288;;DISTRITO INDUSTRIAL;32223-000;DIESEL S10;02/01/2025;5,89;;R$ / litro;VIBRA
SE;MG;CONTAGEM;POSTO OLEGARIO MACIEL LTDA; 17.158.627/0001-78;AVENIDA CORONEL BENJAMIM GUIMARAES;2288;;DISTRITO INDUSTRIAL;32223-000;ETANOL;02/01/2025;4,29;;R$ / litro;VIBRA
SE;MG;CONTAGEM;FARIA REVENDEDORA DE COMBUSTIVEIS LTDA; 04.373.546/0001-49;AVENIDA HELENA DE VASCONCELOS COSTA;4514;;CINCAO;32371-685;GASOLINA;02/01/2025;5,99;;R$ / litro;RAIZEN
SE;MG;CONTAGEM;FARIA REVENDEDORA DE COMBUSTIVEIS LTDA; 04.373.546/0001-49;AVENIDA HELENA DE VASCONCELOS COSTA;4514;;CINCAO;32371-685;GASOLINA ADITIVADA;02/01/2025;6,24;;R$ / litro;RAIZEN
SE;MG;CONTAGEM;FARIA REVENDEDORA DE COMBUSTIVEIS LTDA; 04.373.546/0001-49;AVENIDA HELENA DE VASCONCELOS COSTA;4514;;CINCAO;32371-685;DIESEL;02/01/2025;5,74;;R$ / litro;RAIZEN
SE;MG;CONTAGEM;FARIA REVENDEDORA DE COMBUSTIVEIS LTDA; 04.373.546/0001-49;AVENIDA HELENA DE VASCONCELOS COSTA;4514;;CINCAO;32371-685;DIESEL S10;02/01/2025;5,84;;R$ / litro;RAIZEN
SE;MG;CONTAGEM;FARIA REVENDEDORA DE COMBUSTIVEIS LTDA; 04.373.546/0001-49;AVENIDA HELENA DE VASCONCELOS COSTA;4514;;CINCAO;32371-685;ETANOL;02/01/2025;4,19;;R$ / litro;RAIZEN
SE;MG;CONTAGEM;POSTO FELIPE LTDA; 21.625.728/0001-89;RUA RODRIGUES DA CUNHA;611;;BALNEAR DA RESSACA;32113-340;GASOLINA;02/01/2025;5,99;;R$ / litro;IPIRANGA
SE;MG;CONTAGEM;POSTO FELIPE LTDA; 21.625.728/0001-89;RUA RODRIGUES DA CUNHA;611;;BALNEAR DA RESSACA;32113-340;GASOLINA ADITIVADA;02/01/2025;6,09;;R$ / litro;IPIRANGA
SE;MG;CONTAGEM;POSTO FELIPE LTDA; 21.625.728/0001-89;RUA RODRIGUES DA CUNHA;611;;BALNEAR DA RESSACA;32113-340;ETANOL;02/01/2025;4,18;;R$ / litro;IPIRANGA
SE;MG;CONTAGEM;FERREIRA PARTICIPACOES E EMPREENDIMENTOS LTDA; 00.671.320/0001-73;RUA CORONEL AUGUSTO CAMARGOS;301;;NSRA DO CARMO;32015-740;GASOLINA;02/01/2025;5,95;;R$ / litro;ALE
SE;MG;CONTAGEM;FERREIRA PARTICIPACOES E EMPREENDIMENTOS LTDA; 00.671.320/0001-73;RUA CORONEL AUGUSTO CAMARGOS;301;;NSRA DO CARMO;32015-740;DIESEL;02/01/2025;5,75;;R$ / litro;ALE
SE;MG;CONTAGEM;FERREIRA PARTICIPACOES E EMPREENDIMENTOS LTDA; 00.671.320/0001-73;RUA CORONEL AUGUSTO CAMARGOS;301;;NSRA DO CARMO;32015-740;ETANOL;02/01/2025;4,02;;R$ / litro;ALE
SE;MG;CONTAGEM;AUTO POSTO DAS ALTURAS LTDA; 25.865.312/0001-99;AVENIDA COLUMBIA;540;;RIACHO DAS PEDRAS;32280-670;GASOLINA;02/01/2025;6,07;;R$ / litro;IPIRANGA
SE;MG;CONTAGEM;AUTO POSTO DAS ALTURAS LTDA; 25.865.312/0001-99;AVENIDA COLUMBIA;540;;RIACHO DAS PEDRAS;32280-670;GASOLINA ADITIVADA;02/01/2025;6,32;;R$ / litro;IPIRANGA
SE;MG;CONTAGEM;AUTO POSTO DAS ALTURAS LTDA; 25.865.312/0001-99;AVENIDA COLUMBIA;540;;RIACHO DAS PEDRAS;32280-670;DIESEL;02/01/2025;5,79;;R$ / litro;IPIRANGA
SE;MG;CONTAGEM;AUTO POSTO DAS ALTURAS LTDA; 25.865.312/0001-99;AVENIDA COLUMBIA;540;;RIACHO DAS PEDRAS;32280-670;DIESEL S10;02/01/2025;5,89;;R$ / litro;IPIRANGA
SE;MG;CONTAGEM;AUTO POSTO DAS ALTURAS LTDA; 25.865.312/0001-99;AVENIDA COLUMBIA;540;;RIACHO DAS PEDRAS;32280-670;ETANOL;02/01/2025;4,29;;R$ / litro;IPIRANGA
SE;MG;CONTAGEM;SOCIEDADE COMERCIAL SANTA MARIA LTDA.; 23.234.230/0001-10;RODOVIA BR-381;2800;;RIACHO DAS PEDRAS;32280-680;GASOLINA;02/01/2025;5,99;;R$ / litro;VIBRA
SE;MG;CONTAGEM;SOCIEDADE COMERCIAL SANTA MARIA LTDA.; 23.234.230/0001-10;RODOVIA BR-381;2800;;RIACHO DAS PEDRAS;32280-680;GASOLINA ADITIVADA;02/01/2025;6,09;;R$ / litro;VIBRA
SE;MG;CONTAGEM;SOCIEDADE COMERCIAL SANTA MARIA LTDA.; 23.234.230/0001-10;RODOVIA BR-381;2800;;RIACHO DAS PEDRAS;32280-680;DIESEL;02/01/2025;5,88;;R$ / litro;VIBRA
SE;MG;CONTAGEM;SOCIEDADE COMERCIAL SANTA MARIA LTDA.; 23.234.230/0001-10;RODOVIA BR-381;2800;;RIACHO DAS PEDRAS;32280-680;ETANOL;02/01/2025;4,37;;R$ / litro;VIBRA
SE;MG;CONTAGEM;POSTO LABAREDA LTDA; 21.644.802/0001-04;PRACA MARILIA DE DIRCEU;90;;INCONFIDENTES;32260-220;GASOLINA;02/01/2025;5,99;;R$ / litro;IPIRANGA
SE;MG;CONTAGEM;POSTO LABAREDA LTDA; 21.644.802/0001-04;PRACA MARILIA DE DIRCEU;90;;INCONFIDENTES;32260-220;GASOLINA ADITIVADA;02/01/2025;6,09;;R$ / litro;IPIRANGA
SE;MG;CONTAGEM;POSTO LABAREDA LTDA; 21.644.802/0001-04;PRACA MARILIA DE DIRCEU;90;;INCONFIDENTES;32260-220;DIESEL;02/01/2025;5,79;;R$ / litro;IPIRANGA
SE;MG;CONTAGEM;POSTO LABAREDA LTDA; 21.644.802/0001-04;PRACA MARILIA DE DIRCEU;90;;INCONFIDENTES;32260-220;DIESEL S10;02/01/2025;5,89;;R$ / litro;IPIRANGA
SE;MG;CONTAGEM;POSTO LABAREDA LTDA; 21.644.802/0001-04;PRACA MARILIA DE DIRCEU;90;;INCONFIDENTES;32260-220;ETANOL;02/01/2025;4,29;;R$ / litro;IPIRANGA
SE;MG;CONTAGEM;POSTO NORTE SUL LTDA; 21.596.291/0001-00;AVENIDA OLIMPIO GARCIA;1100;;CID JD ELDORADO;32315-140;GASOLINA;02/01/2025;5,99;;R$ / litro;VIBRA
SE;MG;CONTAGEM;POSTO NORTE SUL LTDA; 21.596.291/0001-00;AVENIDA OLIMPIO GARCIA;1100;;CID JD ELDORADO;32315-140;GASOLINA ADITIVADA;02/01/2025;6,19;;R$ / litro;VIBRA
SE;MG;CONTAGEM;POSTO TRES BARRAS LTDA; 02.973.900/0001-40;RUA MANOEL PINHEIRO DINIZ;525;;PLANO DIR CONTAGEM;32041-140;GASOLINA;02/01/2025;5,97;;R$ / litro;VIBRA
SE;MG;CONTAGEM;POSTO TRES BARRAS LTDA; 02.973.900/0001-40;RUA MANOEL PINHEIRO DINIZ;525;;PLANO DIR CONTAGEM;32041-140;GASOLINA ADITIVADA;02/01/2025;6,07;;R$ / litro;VIBRA
SE;MG;CONTAGEM;POSTO TRES BARRAS LTDA; 02.973.900/0001-40;RUA MANOEL PINHEIRO DINIZ;525;;PLANO DIR CONTAGEM;32041-140;DIESEL;02/01/2025;5,69;;R$ / litro;VIBRA
SE;MG;CONTAGEM;POSTO TRES BARRAS LTDA; 02.973.900/0001-40;RUA MANOEL PINHEIRO DINIZ;525;;PLANO DIR CONTAGEM;32041-140;DIESEL S10;02/01/2025;5,79;;R$ / litro;VIBRA
SE;MG;CONTAGEM;POSTO TRES BARRAS LTDA; 02.973.900/0001-40;RUA MANOEL PINHEIRO DINIZ;525;;PLANO DIR CONTAGEM;32041-140;ETANOL;02/01/2025;4,02;;R$ / litro;VIBRA
SE;MG;CONTAGEM;POSTO SUPREMO LTDA; 02.738.100/0001-45;AVENIDA PRINCESA IZABEL;320;;PARQUE RECREIO;32110-000;GASOLINA;02/01/2025;5,99;;R$ / litro;IPIRANGA
SE;MG;CONTAGEM;POSTO SUPREMO LTDA; 02.738.100/0001-45;AVENIDA PRINCESA IZABEL;320;;PARQUE RECREIO;32110-000;GASOLINA ADITIVADA;02/01/2025;6,09;;R$ / litro;IPIRANGA
SE;MG;CONTAGEM;POSTO SUPREMO LTDA; 02.738.100/0001-45;AVENIDA PRINCESA IZABEL;320;;PARQUE RECREIO;32110-000;DIESEL;02/01/2025;5,79;;R$ / litro;IPIRANGA
SE;MG;CONTAGEM;POSTO SUPREMO LTDA; 02.738.100/0001-45;AVENIDA PRINCESA IZABEL;320;;PARQUE RECREIO;32110-000;DIESEL S10;02/01/2025;5,89;;R$ / litro;IPIRANGA
SE;MG;CONTAGEM;POSTO SUPREMO LTDA; 02.738.100/0001-45;AVENIDA PRINCESA IZABEL;320;;PARQUE RECREIO;32110-000;ETANOL;02/01/2025;4,18;;R$ / litro;IPIRANGA
SE;MG;CONTAGEM;POSTO TROVAO LTDA; 01.333.257/0001-28;AVENIDA TITO FULGENCIO;1189;;JARDIM INDUSTRIAL;32215-000;GNV;02/01/2025;4,87;;R$ / m³;VIBRA
SE;MG;CONTAGEM;POSTO TROVAO LTDA; 01.333.257/0001-28;AVENIDA TITO FULGENCIO;1189;;JARDIM INDUSTRIAL;32215-000;GASOLINA;02/01/2025;5,99;;R$ / litro;VIBRA
SE;MG;CONTAGEM;POSTO TROVAO LTDA; 01.333.257/0001-28;AVENIDA TITO FULGENCIO;1189;;JARDIM INDUSTRIAL;32215-000;DIESEL;02/01/2025;5,68;;R$ / litro;VIBRA
SE;MG;CONTAGEM;POSTO TROVAO LTDA; 01.333.257/0001-28;AVENIDA TITO FULGENCIO;1189;;JARDIM INDUSTRIAL;32215-000;DIESEL S10;02/01/2025;5,78;;R$ / litro;VIBRA
SE;MG;CONTAGEM;POSTO TROVAO LTDA; 01.333.257/0001-28;AVENIDA TITO FULGENCIO;1189;;JARDIM INDUSTRIAL;32215-000;ETANOL;02/01/2025;4,19;;R$ / litro;VIBRA
SE;MG;GOVERNADOR VALADARES;CM COMERCIO DE COMBUSTIVEIS SP LTDA; 07.668.145/0001-04;AVENIDA MOACIR PALETA;307;;SAO PEDRO;35020-360;GASOLINA;02/01/2025;6,39;;R$ / litro;IPIRANGA
SE;MG;GOVERNADOR VALADARES;CM COMERCIO DE COMBUSTIVEIS SP LTDA; 07.668.145/0001-04;AVENIDA MOACIR PALETA;307;;SAO PEDRO;35020-360;ETANOL;02/01/2025;4,39;;R$ / litro;IPIRANGA
SE;MG;GOVERNADOR VALADARES;POSTO MONTE SIAO LTDA; 19.242.858/0001-90;AVENIDA MOACIR PALLETA;941;;S PEDRO;35020-360;GASOLINA;02/01/2025;6,37;;R$ / litro;BRANCA
SE;MG;GOVERNADOR VALADARES;POSTO MONTE SIAO LTDA; 19.242.858/0001-90;AVENIDA MOACIR PALLETA;941;;S PEDRO;35020-360;DIESEL;02/01/2025;5,87;;R$ / litro;BRANCA
SE;MG;GOVERNADOR VALADARES;POSTO MONTE SIAO LTDA; 19.242.858/0001-90;AVENIDA MOACIR PALLETA;941;;S PEDRO;35020-360;DIESEL S10;02/01/2025;5,97;;R$ / litro;BRANCA
SE;MG;GOVERNADOR VALADARES;POSTO MONTE SIAO LTDA; 19.242.858/0001-90;AVENIDA MOACIR PALLETA;941;;S PEDRO;35020-360;ETANOL;02/01/2025;4,37;;R$ / litro;BRANCA
SE;MG;ITAUNA;POSTO DELTA ITAUNA LTDA; 17.462.714/0001-14;RUA SILVA JARDIM;653;;CENTRO;35681-159;GASOLINA;02/01/2025;5,98;;R$ / litro;VIBRA
SE;MG;ITAUNA;POSTO DELTA ITAUNA LTDA; 17.462.714/0001-14;RUA SILVA JARDIM;653;;CENTRO;35681-159;GASOLINA ADITIVADA;02/01/2025;6,19;;R$ / litro;VIBRA
SE;MG;ITAUNA;POSTO DELTA ITAUNA LTDA; 17.462.714/0001-14;RUA SILVA JARDIM;653;;CENTRO;35681-159;DIESEL;02/01/2025;5,97;;R$ / litro;VIBRA
SE;MG;ITAUNA;POSTO DELTA ITAUNA LTDA; 17.462.714/0001-14;RUA SILVA JARDIM;653;;CENTRO;35681-159;DIESEL S10;02/01/2025;6,19;;R$ / litro;VIBRA
SE;MG;ITAUNA;POSTO DELTA ITAUNA LTDA; 17.462.714/0001-14;RUA SILVA JARDIM;653;;CENTRO;35681-159;ETANOL;02/01/2025;4,29;;R$ / litro;VIBRA
SE;MG;ITAUNA;AUTO POSTO ALELUIA LTDA; 03.733.648/0001-65;AVENIDA GETULIO VARGAS;533;;CENTRO;35680-037;GASOLINA;02/01/2025;5,79;;R$ / litro;VIBRA
SE;MG;ITAUNA;AUTO POSTO ALELUIA LTDA; 03.733.648/0001-65;AVENIDA GETULIO VARGAS;533;;CENTRO;35680-037;DIESEL S10;02/01/2025;5,89;;R$ / litro;VIBRA
SE;MG;ITAUNA;AUTO POSTO ALELUIA LTDA; 03.733.648/0001-65;AVENIDA GETULIO VARGAS;533;;CENTRO;35680-037;ETANOL;02/01/2025;3,95;;R$ / litro;VIBRA
SE;MG;ITAUNA;CENTER POSTO LTDA; 02.470.627/0001-31;RUA ZEZE LIMA;325;;CENTRO;35680-045;GASOLINA;02/01/2025;5,97;;R$ / litro;VIBRA
SE;MG;ITAUNA;CENTER POSTO LTDA; 02.470.627/0001-31;RUA ZEZE LIMA;325;;CENTRO;35680-045;GASOLINA ADITIVADA;02/01/2025;6,27;;R$ / litro;VIBRA
SE;MG;ITAUNA;CENTER POSTO LTDA; 02.470.627/0001-31;RUA ZEZE LIMA;325;;CENTRO;35680-045;DIESEL S10;02/01/2025;5,99;;R$ / litro;VIBRA
SE;MG;ITAUNA;CENTER POSTO LTDA; 02.470.627/0001-31;RUA ZEZE LIMA;325;;CENTRO;35680-045;ETANOL;02/01/2025;4,09;;R$ / litro;VIBRA
SE;MG;JUIZ DE FORA;POSTO ELEFANTINHO LTDA; 21.580.030/0001-94;AVENIDA BRASIL;3349;;CENTRO;36060-010;GNV;02/01/2025;4,74;;R$ / m³;RAIZEN
SE;MG;JUIZ DE FORA;POSTO ELEFANTINHO LTDA; 21.580.030/0001-94;AVENIDA BRASIL;3349;;CENTRO;36060-010;GASOLINA;02/01/2025;6,18;;R$ / litro;RAIZEN
SE;MG;JUIZ DE FORA;POSTO ELEFANTINHO LTDA; 21.580.030/0001-94;AVENIDA BRASIL;3349;;CENTRO;36060-010;GASOLINA ADITIVADA;02/01/2025;6,58;;R$ / litro;RAIZEN
SE;MG;JUIZ DE FORA;POSTO ELEFANTINHO LTDA; 21.580.030/0001-94;AVENIDA BRASIL;3349;;CENTRO;36060-010;ETANOL;02/01/2025;4,38;;R$ / litro;RAIZEN
SE;MG;JUIZ DE FORA;POSTO RUMO CERTO LTDA; 18.885.459/0001-85;RUA BARBOSA LIMA;113;;CENTRO;36010-050;GASOLINA;02/01/2025;6,19;;R$ / litro;VIBRA
SE;MG;JUIZ DE FORA;POSTO RUMO CERTO LTDA; 18.885.459/0001-85;RUA BARBOSA LIMA;113;;CENTRO;36010-050;GASOLINA ADITIVADA;02/01/2025;6,39;;R$ / litro;VIBRA
SE;MG;LAVRAS;AUTO POSTO SKINÃO LTDA; 19.638.998/0001-82;RUA FRANCISCO DE ANDRADE;192;;CENTRO;37200-000;GASOLINA;02/01/2025;6,19;;R$ / litro;IPIRANGA
SE;MG;LAVRAS;AUTO POSTO SKINÃO LTDA; 19.638.998/0001-82;RUA FRANCISCO DE ANDRADE;192;;CENTRO;37200-000;GASOLINA ADITIVADA;02/01/2025;6,31;;R$ / litro;IPIRANGA
SE;MG;LAVRAS;AUTO POSTO SKINÃO LTDA; 19.638.998/0001-82;RUA FRANCISCO DE ANDRADE;192;;CENTRO;37200-000;DIESEL S10;02/01/2025;6,49;;R$ / litro;IPIRANGA
SE;MG;LAVRAS;AUTO POSTO SKINÃO LTDA; 19.638.998/0001-82;RUA FRANCISCO DE ANDRADE;192;;CENTRO;37200-000;ETANOL;02/01/2025;4,39;;R$ / litro;IPIRANGA
SE;MG;LAVRAS;AUTO POSTO MAIS LTDA; 05.999.998/0001-01;RUA JOAO MODESTO;128;;CENTRO;37200-000;GASOLINA;02/01/2025;5,79;;R$ / litro;RAIZEN
SE;MG;LAVRAS;AUTO POSTO MAIS LTDA; 05.999.998/0001-01;RUA JOAO MODESTO;128;;CENTRO;37200-000;GASOLINA ADITIVADA;02/01/2025;6,19;;R$ / litro;RAIZEN
SE;MG;LAVRAS;AUTO POSTO MAIS LTDA; 05.999.998/0001-01;RUA JOAO MODESTO;128;;CENTRO;37200-000;ETANOL;02/01/2025;3,89;;R$ / litro;RAIZEN
SE;MG;LAVRAS;AUTO POSTO PREMIUM LTDA; 05.725.402/0001-77;RUA RUI BARBOSA;70;;CENTRO;37200-000;GASOLINA;02/01/2025;5,67;;R$ / litro;BRANCA
SE;MG;LAVRAS;AUTO POSTO PREMIUM LTDA; 05.725.402/0001-77;RUA RUI BARBOSA;70;;CENTRO;37200-000;GASOLINA ADITIVADA;02/01/2025;5,67;;R$ / litro;BRANCA
SE;MG;LAVRAS;AUTO POSTO PREMIUM LTDA; 05.725.402/0001-77;RUA RUI BARBOSA;70;;CENTRO;37200-000;ETANOL;02/01/2025;3,79;;R$ / litro;BRANCA
SE;MG;LAVRAS;JUNQUEIRA & SAMIA POSTO DE COMBUSTIVEIS LTDA; 00.493.641/0001-25;AVENIDA DR. SILVIO MENICUCCI;1877;;N.S.DO LIBANO;37200-000;GASOLINA;02/01/2025;6,11;;R$ / litro;VIBRA
SE;MG;LAVRAS;JUNQUEIRA & SAMIA POSTO DE COMBUSTIVEIS LTDA; 00.493.641/0001-25;AVENIDA DR. SILVIO MENICUCCI;1877;;N.S.DO LIBANO;37200-000;GASOLINA ADITIVADA;02/01/2025;6,23;;R$ / litro;VIBRA
SE;MG;LAVRAS;JUNQUEIRA & SAMIA POSTO DE COMBUSTIVEIS LTDA; 00.493.641/0001-25;AVENIDA DR. SILVIO MENICUCCI;1877;;N.S.DO LIBANO;37200-000;ETANOL;02/01/2025;4,39;;R$ / litro;VIBRA
SE;MG;LAVRAS;AUTO POSTO LAVRAS SHELL LTDA; 01.280.937/0001-20;AVENIDA DOUTOR SILVIO MENICUCCI;200;0;VILA ESTER;37200-000;GASOLINA;02/01/2025;6,19;;R$ / litro;RAIZEN
SE;MG;LAVRAS;AUTO POSTO LAVRAS SHELL LTDA; 01.280.937/0001-20;AVENIDA DOUTOR SILVIO MENICUCCI;200;0;VILA ESTER;37200-000;GASOLINA ADITIVADA;02/01/2025;6,54;;R$ / litro;RAIZEN
SE;MG;PASSOS;POSTO RODA BRANCA LTDA; 05.346.656/0001-84;AVENIDA JUCA STOCKLER;1973;;JOAO PAULO II;37901-506;GASOLINA;02/01/2025;5,99;;R$ / litro;IPIRANGA
SE;MG;PASSOS;POSTO RODA BRANCA LTDA; 05.346.656/0001-84;AVENIDA JUCA STOCKLER;1973;;JOAO PAULO II;37901-506;DIESEL;02/01/2025;6,09;;R$ / litro;IPIRANGA
SE;MG;PASSOS;POSTO RODA BRANCA LTDA; 05.346.656/0001-84;AVENIDA JUCA STOCKLER;1973;;JOAO PAULO II;37901-506;DIESEL S10;02/01/2025;6,19;;R$ / litro;IPIRANGA
SE;MG;PASSOS;POSTO RODA BRANCA LTDA; 05.346.656/0001-84;AVENIDA JUCA STOCKLER;1973;;JOAO PAULO II;37901-506;ETANOL;02/01/2025;4,09;;R$ / litro;IPIRANGA
SE;MG;PASSOS;AUTO POSTO SILVA & OLIVEIRA LTDA; 08.892.406/0001-38;RUA DOS COMERCIANTES;1010;;MONSENHOR MESSIAS;37901-216;GASOLINA;02/01/2025;6,14;;R$ / litro;RAIZEN
SE;MG;PASSOS;AUTO POSTO SILVA & OLIVEIRA LTDA; 08.892.406/0001-38;RUA DOS COMERCIANTES;1010;;MONSENHOR MESSIAS;37901-216;GASOLINA ADITIVADA;02/01/2025;6,39;;R$ / litro;RAIZEN
SE;MG;PASSOS;AUTO POSTO SILVA & OLIVEIRA LTDA; 08.892.406/0001-38;RUA DOS COMERCIANTES;1010;;MONSENHOR MESSIAS;37901-216;DIESEL;02/01/2025;6,14;;R$ / litro;RAIZEN
SE;MG;PASSOS;AUTO POSTO SILVA & OLIVEIRA LTDA; 08.892.406/0001-38;RUA DOS COMERCIANTES;1010;;MONSENHOR MESSIAS;37901-216;DIESEL S10;02/01/2025;6,24;;R$ / litro;RAIZEN
SE;MG;PASSOS;AUTO POSTO SILVA & OLIVEIRA LTDA; 08.892.406/0001-38;RUA DOS COMERCIANTES;1010;;MONSENHOR MESSIAS;37901-216;ETANOL;02/01/2025;4,14;;R$ / litro;RAIZEN
SE;MG;PASSOS;POSTO DA MODA COMERCIO DE COMBUSTIVEIS LTDA; 07.553.011/0001-48;AVENIDA COMENDADOR FRANCISCO AVELINO MAIA;2342;;CENTRO;37900-005;GASOLINA;02/01/2025;5,89;;R$ / litro;BRANCA
SE;MG;PASSOS;POSTO DA MODA COMERCIO DE COMBUSTIVEIS LTDA; 07.553.011/0001-48;AVENIDA COMENDADOR FRANCISCO AVELINO MAIA;2342;;CENTRO;37900-005;GASOLINA ADITIVADA;02/01/2025;5,89;;R$ / litro;BRANCA
SE;MG;PASSOS;POSTO DA MODA COMERCIO DE COMBUSTIVEIS LTDA; 07.553.011/0001-48;AVENIDA COMENDADOR FRANCISCO AVELINO MAIA;2342;;CENTRO;37900-005;DIESEL;02/01/2025;5,89;;R$ / litro;BRANCA
SE;MG;PASSOS;POSTO DA MODA COMERCIO DE COMBUSTIVEIS LTDA; 07.553.011/0001-48;AVENIDA COMENDADOR FRANCISCO AVELINO MAIA;2342;;CENTRO;37900-005;DIESEL S10;02/01/2025;5,99;;R$ / litro;BRANCA
SE;MG;PASSOS;POSTO DA MODA COMERCIO DE COMBUSTIVEIS LTDA; 07.553.011/0001-48;AVENIDA COMENDADOR FRANCISCO AVELINO MAIA;2342;;CENTRO;37900-005;ETANOL;02/01/2025;3,89;;R$ / litro;BRANCA
SE;MG;PASSOS;AUTO POSTO ARUANA LTDA; 07.519.129/0001-50;RUA PARATI;2203;;RECANTO DA HARMONIA;37900-013;GASOLINA;02/01/2025;6,04;;R$ / litro;VIBRA
SE;MG;PASSOS;AUTO POSTO ARUANA LTDA; 07.519.129/0001-50;RUA PARATI;2203;;RECANTO DA HARMONIA;37900-013;DIESEL;02/01/2025;6,04;;R$ / litro;VIBRA
SE;MG;PASSOS;AUTO POSTO ARUANA LTDA; 07.519.129/0001-50;RUA PARATI;2203;;RECANTO DA HARMONIA;37900-013;DIESEL S10;02/01/2025;6,14;;R$ / litro;VIBRA
SE;MG;PASSOS;AUTO POSTO ARUANA LTDA; 07.519.129/0001-50;RUA PARATI;2203;;RECANTO DA HARMONIA;37900-013;ETANOL;02/01/2025;4,04;;R$ / litro;VIBRA
SE;MG;PASSOS;AUTO POSTO PIANTINO LTDA.; 07.516.884/0001-80;AVENIDA COMENDADOR FRANCISCO AVELINO MAIA;3682;;JD. PROGRESSO;37900-000;DIESEL;02/01/2025;5,69;;R$ / litro;BRANCA
SE;MG;PASSOS;AUTO POSTO PIANTINO LTDA.; 07.516.884/0001-80;AVENIDA COMENDADOR FRANCISCO AVELINO MAIA;3682;;JD. PROGRESSO;37900-000;ETANOL;02/01/2025;3,89;;R$ / litro;BRANCA
SE;MG;PASSOS;AUTO POSTO PIANTINO LTDA.; 07.516.884/0001-80;AVENIDA COMENDADOR FRANCISCO AVELINO MAIA;3682;;JD. PROGRESSO;37900-000;GASOLINA;02/01/2025;5,89;;R$ / litro;BRANCA
SE;MG;PASSOS;AUTO POSTO PIANTINO LTDA.; 07.516.884/0001-80;AVENIDA COMENDADOR FRANCISCO AVELINO MAIA;3682;;JD. PROGRESSO;37900-000;GASOLINA ADITIVADA;02/01/2025;5,89;;R$ / litro;BRANCA
SE;MG;PASSOS;POSTO CARRAO LTDA; 05.959.164/0001-64;RUA FORMOSA;178;;CENTRO;37900-072;GASOLINA;02/01/2025;6,09;;R$ / litro;VIBRA
SE;MG;PASSOS;POSTO CARRAO LTDA; 05.959.164/0001-64;RUA FORMOSA;178;;CENTRO;37900-072;GASOLINA ADITIVADA;02/01/2025;6,19;;R$ / litro;VIBRA
SE;MG;PASSOS;POSTO CARRAO LTDA; 05.959.164/0001-64;RUA FORMOSA;178;;CENTRO;37900-072;DIESEL S10;02/01/2025;6,09;;R$ / litro;VIBRA
SE;MG;PASSOS;POSTO CARRAO LTDA; 05.959.164/0001-64;RUA FORMOSA;178;;CENTRO;37900-072;ETANOL;02/01/2025;4,19;;R$ / litro;VIBRA
SE;MG;PASSOS;AUTO POSTO NOVO TOCANTINS LTDA; 03.652.860/0001-06;RUA   TRES DE MAIO;56;;CENTRO;37900-124;GASOLINA;02/01/2025;5,89;;R$ / litro;BRANCA
SE;MG;PASSOS;AUTO POSTO NOVO TOCANTINS LTDA; 03.652.860/0001-06;RUA   TRES DE MAIO;56;;CENTRO;37900-124;ETANOL;02/01/2025;3,89;;R$ / litro;BRANCA
CO;MS;PONTA PORA;AUTO POSTO CENTRAL LTDA - EPP; 03.569.993/0001-05;RUA GENERAL OSORIO;1;;CENTRO;79904-622;GASOLINA;02/01/2025;6,56;;R$ / litro;VIBRA
CO;MS;PONTA PORA;AUTO POSTO CENTRAL LTDA - EPP; 03.569.993/0001-05;RUA GENERAL OSORIO;1;;CENTRO;79904-622;GASOLINA ADITIVADA;02/01/2025;6,67;;R$ / litro;VIBRA
CO;MS;PONTA PORA;AUTO POSTO CENTRAL LTDA - EPP; 03.569.993/0001-05;RUA GENERAL OSORIO;1;;CENTRO;79904-622;DIESEL;02/01/2025;6,81;;R$ / litro;VIBRA
CO;MS;PONTA PORA;AUTO POSTO CENTRAL LTDA - EPP; 03.569.993/0001-05;RUA GENERAL OSORIO;1;;CENTRO;79904-622;DIESEL S10;02/01/2025;6,89;;R$ / litro;VIBRA
CO;MS;PONTA PORA;UNIGAS COMERCIO DE COMBUSTIVEIS LTDA; 03.537.946/0001-80;RUA JORGE ROBERTO SALOMAO;91;;CENTRO;79904-598;GASOLINA ADITIVADA;02/01/2025;6,19;;R$ / litro;BRANCA
CO;MS;PONTA PORA;UNIGAS COMERCIO DE COMBUSTIVEIS LTDA; 03.537.946/0001-80;RUA JORGE ROBERTO SALOMAO;91;;CENTRO;79904-598;DIESEL S10;02/01/2025;6,38;;R$ / litro;BRANCA
CO;MS;PONTA PORA;UNIGAS COMERCIO DE COMBUSTIVEIS LTDA; 03.537.946/0001-80;RUA JORGE ROBERTO SALOMAO;91;;CENTRO;79904-598;ETANOL;02/01/2025;4,09;;R$ / litro;BRANCA
CO;MS;PONTA PORA;POSTO TAMINO CENTRO II LTDA; 00.755.174/0001-64;AVENIDA MARECHAL FLORIANO PEIXOTO;1673;;CENTRO;79904-676;GASOLINA;02/01/2025;6,19;;R$ / litro;TAURUS
CO;MS;PONTA PORA;POSTO TAMINO CENTRO II LTDA; 00.755.174/0001-64;AVENIDA MARECHAL FLORIANO PEIXOTO;1673;;CENTRO;79904-676;GASOLINA ADITIVADA;02/01/2025;6,19;;R$ / litro;TAURUS
CO;MS;PONTA PORA;POSTO TAMINO CENTRO II LTDA; 00.755.174/0001-64;AVENIDA MARECHAL FLORIANO PEIXOTO;1673;;CENTRO;79904-676;DIESEL S10;02/01/2025;6,38;;R$ / litro;TAURUS
CO;MS;PONTA PORA;POSTO TAMINO CENTRO II LTDA; 00.755.174/0001-64;AVENIDA MARECHAL FLORIANO PEIXOTO;1673;;CENTRO;79904-676;ETANOL;02/01/2025;4,09;;R$ / litro;TAURUS
CO;MS;PONTA PORA;DIVISA AUTO POSTO LTDA; 00.101.304/0001-45;RUA PARANAGUA;57;;VILA AQUIDABAM;79902-014;GASOLINA;02/01/2025;6,29;;R$ / litro;IPIRANGA
CO;MS;PONTA PORA;DIVISA AUTO POSTO LTDA; 00.101.304/0001-45;RUA PARANAGUA;57;;VILA AQUIDABAM;79902-014;GASOLINA ADITIVADA;02/01/2025;6,34;;R$ / litro;IPIRANGA
CO;MS;PONTA PORA;DIVISA AUTO POSTO LTDA; 00.101.304/0001-45;RUA PARANAGUA;57;;VILA AQUIDABAM;79902-014;DIESEL;02/01/2025;6,35;;R$ / litro;IPIRANGA
CO;MS;PONTA PORA;DIVISA AUTO POSTO LTDA; 00.101.304/0001-45;RUA PARANAGUA;57;;VILA AQUIDABAM;79902-014;ETANOL;02/01/2025;4,29;;R$ / litro;IPIRANGA
CO;MT;CUIABA;LEONISIA N N BARROSO; 00.703.376/0001-62;AVENIDA GONCALO ANTUNES DE BARROS;1021;;BOSQUE DA SAUDE;78015-285;GASOLINA;02/01/2025;5,99;;R$ / litro;BRANCA
CO;MT;CUIABA;LEONISIA N N BARROSO; 00.703.376/0001-62;AVENIDA GONCALO ANTUNES DE BARROS;1021;;BOSQUE DA SAUDE;78015-285;GASOLINA ADITIVADA;02/01/2025;6,29;;R$ / litro;BRANCA
CO;MT;CUIABA;LEONISIA N N BARROSO; 00.703.376/0001-62;AVENIDA GONCALO ANTUNES DE BARROS;1021;;BOSQUE DA SAUDE;78015-285;ETANOL;02/01/2025;3,79;;R$ / litro;BRANCA
CO;MT;CUIABA;REDE DE POSTOS 3R LTDA - ME; 04.111.378/0002-02;AVENIDA VEREADOR JULIANO COSTA MARQUES;3;;BELA VISTA;78005-510;GASOLINA;02/01/2025;5,95;;R$ / litro;BRANCA
CO;MT;CUIABA;REDE DE POSTOS 3R LTDA - ME; 04.111.378/0002-02;AVENIDA VEREADOR JULIANO COSTA MARQUES;3;;BELA VISTA;78005-510;ETANOL;02/01/2025;3,77;;R$ / litro;BRANCA
CO;MT;CUIABA;LEONISIA N N BARROSO; 00.703.376/0002-43;AVENIDA DR MEIRELLES;S/N;RES. ALTOS DO COXIPO;COXIPO DA PONTE;78088-000;GASOLINA;02/01/2025;5,97;;R$ / litro;BRANCA
CO;MT;CUIABA;LEONISIA N N BARROSO; 00.703.376/0002-43;AVENIDA DR MEIRELLES;S/N;RES. ALTOS DO COXIPO;COXIPO DA PONTE;78088-000;ETANOL;02/01/2025;3,83;;R$ / litro;BRANCA
CO;MT;CUIABA;REDE DE POSTOS SANTA MARIA LTDA; 01.418.827/0001-82;AVENIDA FERNANDO CORREA DA COSTA;3400;;BOA ESPERANCA;78068-600;GASOLINA;02/01/2025;5,97;;R$ / litro;BRANCA
CO;MT;CUIABA;REDE DE POSTOS SANTA MARIA LTDA; 01.418.827/0001-82;AVENIDA FERNANDO CORREA DA COSTA;3400;;BOA ESPERANCA;78068-600;GASOLINA ADITIVADA;02/01/2025;5,97;;R$ / litro;BRANCA
CO;MT;CUIABA;REDE DE POSTOS SANTA MARIA LTDA; 01.418.827/0001-82;AVENIDA FERNANDO CORREA DA COSTA;3400;;BOA ESPERANCA;78068-600;DIESEL S10;02/01/2025;5,87;;R$ / litro;BRANCA
CO;MT;CUIABA;REDE DE POSTOS SANTA MARIA LTDA; 01.418.827/0001-82;AVENIDA FERNANDO CORREA DA COSTA;3400;;BOA ESPERANCA;78068-600;ETANOL;02/01/2025;3,77;;R$ / litro;BRANCA
CO;MT;CUIABA;COMERCIO DE COMBUSTIVEIS SAO CARLOS LTDA; 03.585.677/0001-27;AVENIDA GOVERNADOR DANTE MARTINS DE OLIVEIRA;1;;CARUMBE;78050-700;GASOLINA;02/01/2025;5,99;;R$ / litro;RAIZEN
CO;MT;CUIABA;COMERCIO DE COMBUSTIVEIS SAO CARLOS LTDA; 03.585.677/0001-27;AVENIDA GOVERNADOR DANTE MARTINS DE OLIVEIRA;1;;CARUMBE;78050-700;GASOLINA ADITIVADA;02/01/2025;6,39;;R$ / litro;RAIZEN
CO;MT;CUIABA;COMERCIO DE COMBUSTIVEIS SAO CARLOS LTDA; 03.585.677/0001-27;AVENIDA GOVERNADOR DANTE MARTINS DE OLIVEIRA;1;;CARUMBE;78050-700;DIESEL S10;02/01/2025;6,29;;R$ / litro;RAIZEN
CO;MT;CUIABA;COMERCIO DE COMBUSTIVEIS SAO CARLOS LTDA; 03.585.677/0001-27;AVENIDA GOVERNADOR DANTE MARTINS DE OLIVEIRA;1;;CARUMBE;78050-700;ETANOL;02/01/2025;3,79;;R$ / litro;RAIZEN
CO;MT;CUIABA;POSTO SAMUCA CUIABA LTDA; 03.399.046/0001-13;RUA AMANCIO PEDROSO DE JESUS;263;;CARUMBE;78050-660;GASOLINA;02/01/2025;5,99;;R$ / litro;VIBRA
CO;MT;CUIABA;POSTO SAMUCA CUIABA LTDA; 03.399.046/0001-13;RUA AMANCIO PEDROSO DE JESUS;263;;CARUMBE;78050-660;DIESEL;02/01/2025;6,59;;R$ / litro;VIBRA
CO;MT;CUIABA;POSTO SAMUCA CUIABA LTDA; 03.399.046/0001-13;RUA AMANCIO PEDROSO DE JESUS;263;;CARUMBE;78050-660;ETANOL;02/01/2025;3,79;;R$ / litro;VIBRA
CO;MT;CUIABA;SAO MATHEUS CUIABA AUTO POSTO LTDA; 02.511.723/0001-80;RODOVIA BR 364;S/N;KM 401;DISTRITO INDUSTRIAL;78015-285;GASOLINA;02/01/2025;5,99;;R$ / litro;RAIZEN
CO;MT;CUIABA;SAO MATHEUS CUIABA AUTO POSTO LTDA; 02.511.723/0001-80;RODOVIA BR 364;S/N;KM 401;DISTRITO INDUSTRIAL;78015-285;DIESEL;02/01/2025;5,84;;R$ / litro;RAIZEN
CO;MT;CUIABA;SAO MATHEUS CUIABA AUTO POSTO LTDA; 02.511.723/0001-80;RODOVIA BR 364;S/N;KM 401;DISTRITO INDUSTRIAL;78015-285;DIESEL S10;02/01/2025;5,89;;R$ / litro;RAIZEN
CO;MT;CUIABA;SAO MATHEUS CUIABA AUTO POSTO LTDA; 02.511.723/0001-80;RODOVIA BR 364;S/N;KM 401;DISTRITO INDUSTRIAL;78015-285;ETANOL;02/01/2025;3,89;;R$ / litro;RAIZEN
CO;MT;CUIABA;COMERCIAL DE COMBUSTIVEIS FLAMBOYANT LTDA; 02.220.321/0001-27;RUA PERNAMBUCO, ESQ. COM RUA PARA;2;NUCLEO HABITAC.CPA II;MORADA DA SERRA;78055-428;GASOLINA;02/01/2025;5,97;;R$ / litro;VIBRA
CO;MT;CUIABA;COMERCIAL DE COMBUSTIVEIS FLAMBOYANT LTDA; 02.220.321/0001-27;RUA PERNAMBUCO, ESQ. COM RUA PARA;2;NUCLEO HABITAC.CPA II;MORADA DA SERRA;78055-428;GASOLINA ADITIVADA;02/01/2025;6,17;;R$ / litro;VIBRA
CO;MT;CUIABA;COMERCIAL DE COMBUSTIVEIS FLAMBOYANT LTDA; 02.220.321/0001-27;RUA PERNAMBUCO, ESQ. COM RUA PARA;2;NUCLEO HABITAC.CPA II;MORADA DA SERRA;78055-428;ETANOL;02/01/2025;3,77;;R$ / litro;VIBRA
CO;MT;CUIABA;COMERCIAL DE COMBUSTIVEIS SANTA EDWIGES LTDA; 01.877.629/0001-87;AVENIDA HIST. RUBENS DE MENDONCA;119;ESQ. C/ AVE. ALENKER;CPA I;78055-000;GASOLINA;02/01/2025;5,97;;R$ / litro;VIBRA
CO;MT;CUIABA;COMERCIAL DE COMBUSTIVEIS SANTA EDWIGES LTDA; 01.877.629/0001-87;AVENIDA HIST. RUBENS DE MENDONCA;119;ESQ. C/ AVE. ALENKER;CPA I;78055-000;GASOLINA ADITIVADA;02/01/2025;6,17;;R$ / litro;VIBRA
CO;MT;CUIABA;COMERCIAL DE COMBUSTIVEIS SANTA EDWIGES LTDA; 01.877.629/0001-87;AVENIDA HIST. RUBENS DE MENDONCA;119;ESQ. C/ AVE. ALENKER;CPA I;78055-000;DIESEL;02/01/2025;6,17;;R$ / litro;VIBRA
CO;MT;CUIABA;COMERCIAL DE COMBUSTIVEIS SANTA EDWIGES LTDA; 01.877.629/0001-87;AVENIDA HIST. RUBENS DE MENDONCA;119;ESQ. C/ AVE. ALENKER;CPA I;78055-000;DIESEL S10;02/01/2025;6,27;;R$ / litro;VIBRA
CO;MT;CUIABA;COMERCIAL DE COMBUSTIVEIS SANTA EDWIGES LTDA; 01.877.629/0001-87;AVENIDA HIST. RUBENS DE MENDONCA;119;ESQ. C/ AVE. ALENKER;CPA I;78055-000;ETANOL;02/01/2025;3,77;;R$ / litro;VIBRA
NE;PE;PETROLINA;TROPICAL PETROLEO LTDA; 08.941.887/0001-24;RODOVIA BR 428;S/N;;ZONA RURAL;56300-990;GASOLINA;02/01/2025;6,76;;R$ / litro;PETROBAHIA
NE;PE;PETROLINA;TROPICAL PETROLEO LTDA; 08.941.887/0001-24;RODOVIA BR 428;S/N;;ZONA RURAL;56300-990;GASOLINA ADITIVADA;02/01/2025;6,76;;R$ / litro;PETROBAHIA
NE;PE;PETROLINA;TROPICAL PETROLEO LTDA; 08.941.887/0001-24;RODOVIA BR 428;S/N;;ZONA RURAL;56300-990;DIESEL;02/01/2025;5,99;;R$ / litro;PETROBAHIA
NE;PE;PETROLINA;TROPICAL PETROLEO LTDA; 08.941.887/0001-24;RODOVIA BR 428;S/N;;ZONA RURAL;56300-990;DIESEL S10;02/01/2025;5,99;;R$ / litro;PETROBAHIA
NE;PE;PETROLINA;TROPICAL PETROLEO LTDA; 08.941.887/0001-24;RODOVIA BR 428;S/N;;ZONA RURAL;56300-990;ETANOL;02/01/2025;5,1;;R$ / litro;PETROBAHIA
NE;PE;PETROLINA;D DE A MARTINS LTDA; 24.398.653/0001-39;RODOVIA BR-122;S/N;BR428 ANTESDOPAIZAO2;LOTEAMENTO RECIFE;56320-700;GASOLINA;02/01/2025;6,76;;R$ / litro;RAIZEN
NE;PE;PETROLINA;D DE A MARTINS LTDA; 24.398.653/0001-39;RODOVIA BR-122;S/N;BR428 ANTESDOPAIZAO2;LOTEAMENTO RECIFE;56320-700;DIESEL;02/01/2025;6,29;;R$ / litro;RAIZEN
NE;PE;PETROLINA;D DE A MARTINS LTDA; 24.398.653/0001-39;RODOVIA BR-122;S/N;BR428 ANTESDOPAIZAO2;LOTEAMENTO RECIFE;56320-700;DIESEL S10;02/01/2025;6,29;;R$ / litro;RAIZEN
NE;PE;PETROLINA;D DE A MARTINS LTDA; 24.398.653/0001-39;RODOVIA BR-122;S/N;BR428 ANTESDOPAIZAO2;LOTEAMENTO RECIFE;56320-700;ETANOL;02/01/2025;5,19;;R$ / litro;RAIZEN
NE;PE;PETROLINA;AUTO POSTO GENE LTDA; 03.544.644/0004-81;RUA DO TAMARINDO;S/N;LOTE  13  E 14            QUADRAB;RIO CORRENTE;56312-695;GASOLINA;02/01/2025;6,79;;R$ / litro;ALE
NE;PE;PETROLINA;AUTO POSTO GENE LTDA; 03.544.644/0004-81;RUA DO TAMARINDO;S/N;LOTE  13  E 14            QUADRAB;RIO CORRENTE;56312-695;GASOLINA ADITIVADA;02/01/2025;6,79;;R$ / litro;ALE
NE;PE;PETROLINA;AUTO POSTO GENE LTDA; 03.544.644/0004-81;RUA DO TAMARINDO;S/N;LOTE  13  E 14            QUADRAB;RIO CORRENTE;56312-695;DIESEL S10;02/01/2025;6,49;;R$ / litro;ALE
NE;PE;PETROLINA;AUTO POSTO GENE LTDA; 03.544.644/0004-81;RUA DO TAMARINDO;S/N;LOTE  13  E 14            QUADRAB;RIO CORRENTE;56312-695;ETANOL;02/01/2025;5,19;;R$ / litro;ALE
NE;PE;PETROLINA;POSTO IPE LTDA.; 08.106.732/0001-72;AVENIDA DA INTEGRACAO;1554;A;MARIA AUXILIADORA;56330-290;GASOLINA;02/01/2025;6,79;;R$ / litro;IPIRANGA
NE;PE;PETROLINA;POSTO IPE LTDA.; 08.106.732/0001-72;AVENIDA DA INTEGRACAO;1554;A;MARIA AUXILIADORA;56330-290;GASOLINA ADITIVADA;02/01/2025;6,89;;R$ / litro;IPIRANGA
NE;PE;PETROLINA;POSTO IPE LTDA.; 08.106.732/0001-72;AVENIDA DA INTEGRACAO;1554;A;MARIA AUXILIADORA;56330-290;DIESEL;02/01/2025;6,49;;R$ / litro;IPIRANGA
NE;PE;PETROLINA;POSTO IPE LTDA.; 08.106.732/0001-72;AVENIDA DA INTEGRACAO;1554;A;MARIA AUXILIADORA;56330-290;DIESEL S10;02/01/2025;6,49;;R$ / litro;IPIRANGA
NE;PE;PETROLINA;AUTO POSTO GENE LTDA; 03.544.644/0003-09;AVENIDA MARIO RODRIGUES COELHO;880;;COHAB MASSANGANO;56310-090;GASOLINA;02/01/2025;6,79;;R$ / litro;ALE
NE;PE;PETROLINA;AUTO POSTO GENE LTDA; 03.544.644/0003-09;AVENIDA MARIO RODRIGUES COELHO;880;;COHAB MASSANGANO;56310-090;GASOLINA ADITIVADA;02/01/2025;6,79;;R$ / litro;ALE
NE;PE;PETROLINA;AUTO POSTO GENE LTDA; 03.544.644/0003-09;AVENIDA MARIO RODRIGUES COELHO;880;;COHAB MASSANGANO;56310-090;DIESEL S10;02/01/2025;6,49;;R$ / litro;ALE
NE;PE;PETROLINA;AUTO POSTO GENE LTDA; 03.544.644/0003-09;AVENIDA MARIO RODRIGUES COELHO;880;;COHAB MASSANGANO;56310-090;ETANOL;02/01/2025;5,19;;R$ / litro;ALE
NE;PE;PETROLINA;POSTO AUTOVIA C-1 EIRELI; 04.900.369/0002-92;AVENIDA DA INTEGRACAO;444;;VILA EDUARDO;56328-010;GASOLINA;02/01/2025;6,78;;R$ / litro;VIBRA
NE;PE;PETROLINA;POSTO AUTOVIA C-1 EIRELI; 04.900.369/0002-92;AVENIDA DA INTEGRACAO;444;;VILA EDUARDO;56328-010;GASOLINA ADITIVADA;02/01/2025;6,84;;R$ / litro;VIBRA
NE;PE;PETROLINA;POSTO AUTOVIA C-1 EIRELI; 04.900.369/0002-92;AVENIDA DA INTEGRACAO;444;;VILA EDUARDO;56328-010;DIESEL S10;02/01/2025;6,49;;R$ / litro;VIBRA
NE;PE;PETROLINA;POSTO AUTOVIA C-1 EIRELI; 04.900.369/0002-92;AVENIDA DA INTEGRACAO;444;;VILA EDUARDO;56328-010;ETANOL;02/01/2025;5,18;;R$ / litro;VIBRA
NE;PE;PETROLINA;JOSE BENEDITO VIEIRA; 11.235.181/0001-51;AVENIDA SETE DE SETEMBRO;312;A;JOSE E MARIA;56320-000;ETANOL;02/01/2025;5,19;;R$ / litro;BRANCA
NE;PE;PETROLINA;JOSE BENEDITO VIEIRA; 11.235.181/0001-51;AVENIDA SETE DE SETEMBRO;312;A;JOSE E MARIA;56320-000;GASOLINA;02/01/2025;6,79;;R$ / litro;BRANCA
NE;PE;PETROLINA;JOSE BENEDITO VIEIRA; 11.235.181/0001-51;AVENIDA SETE DE SETEMBRO;312;A;JOSE E MARIA;56320-000;GASOLINA ADITIVADA;02/01/2025;6,79;;R$ / litro;BRANCA
NE;PE;PETROLINA;JOSE BENEDITO VIEIRA; 11.235.181/0001-51;AVENIDA SETE DE SETEMBRO;312;A;JOSE E MARIA;56320-000;DIESEL;02/01/2025;6,29;;R$ / litro;BRANCA
NE;PE;PETROLINA;JOSE BENEDITO VIEIRA; 11.235.181/0001-51;AVENIDA SETE DE SETEMBRO;312;A;JOSE E MARIA;56320-000;DIESEL S10;02/01/2025;6,29;;R$ / litro;BRANCA
NE;PE;PETROLINA;AUTO POSTO GENE LTDA; 03.544.644/0002-10;RUA PILAO ARCADO;267;;JARDIM MARAVILHA;56306-680;GASOLINA;02/01/2025;6,78;;R$ / litro;ALE
NE;PE;PETROLINA;AUTO POSTO GENE LTDA; 03.544.644/0002-10;RUA PILAO ARCADO;267;;JARDIM MARAVILHA;56306-680;GASOLINA ADITIVADA;02/01/2025;6,78;;R$ / litro;ALE
NE;PE;PETROLINA;AUTO POSTO GENE LTDA; 03.544.644/0002-10;RUA PILAO ARCADO;267;;JARDIM MARAVILHA;56306-680;DIESEL S10;02/01/2025;6,49;;R$ / litro;ALE
NE;PE;PETROLINA;AUTO POSTO GENE LTDA; 03.544.644/0002-10;RUA PILAO ARCADO;267;;JARDIM MARAVILHA;56306-680;ETANOL;02/01/2025;5,19;;R$ / litro;ALE
NE;PE;PETROLINA;POSTO PAIZAO LTDA; 70.081.518/0002-63;RODOVIA BR 428 - KM 182/183;S/N;;ZONA RURAL;56332-175;GASOLINA;02/01/2025;6,79;;R$ / litro;IPIRANGA
NE;PE;PETROLINA;POSTO PAIZAO LTDA; 70.081.518/0002-63;RODOVIA BR 428 - KM 182/183;S/N;;ZONA RURAL;56332-175;GASOLINA ADITIVADA;02/01/2025;6,79;;R$ / litro;IPIRANGA
NE;PE;PETROLINA;POSTO PAIZAO LTDA; 70.081.518/0002-63;RODOVIA BR 428 - KM 182/183;S/N;;ZONA RURAL;56332-175;DIESEL;02/01/2025;6,29;;R$ / litro;IPIRANGA
NE;PE;PETROLINA;POSTO PAIZAO LTDA; 70.081.518/0002-63;RODOVIA BR 428 - KM 182/183;S/N;;ZONA RURAL;56332-175;DIESEL S10;02/01/2025;6,29;;R$ / litro;IPIRANGA
NE;PE;PETROLINA;POSTO PAIZAO LTDA; 70.081.518/0002-63;RODOVIA BR 428 - KM 182/183;S/N;;ZONA RURAL;56332-175;ETANOL;02/01/2025;5,19;;R$ / litro;IPIRANGA
NE;PE;PETROLINA;AUTO POSTO VALE DO SAO FRANCISCO LTDA; 03.939.028/0001-87;RODOVIA BR 122, KM 03;S/N;;LOTEAMENTO RECIFE;56320-700;GASOLINA;02/01/2025;6,79;;R$ / litro;BRANCA
NE;PE;PETROLINA;AUTO POSTO VALE DO SAO FRANCISCO LTDA; 03.939.028/0001-87;RODOVIA BR 122, KM 03;S/N;;LOTEAMENTO RECIFE;56320-700;GASOLINA ADITIVADA;02/01/2025;6,79;;R$ / litro;BRANCA
NE;PE;PETROLINA;AUTO POSTO VALE DO SAO FRANCISCO LTDA; 03.939.028/0001-87;RODOVIA BR 122, KM 03;S/N;;LOTEAMENTO RECIFE;56320-700;DIESEL;02/01/2025;6,29;;R$ / litro;BRANCA
NE;PE;PETROLINA;AUTO POSTO VALE DO SAO FRANCISCO LTDA; 03.939.028/0001-87;RODOVIA BR 122, KM 03;S/N;;LOTEAMENTO RECIFE;56320-700;DIESEL S10;02/01/2025;6,29;;R$ / litro;BRANCA
NE;PE;PETROLINA;AUTO POSTO VALE DO SAO FRANCISCO LTDA; 03.939.028/0001-87;RODOVIA BR 122, KM 03;S/N;;LOTEAMENTO RECIFE;56320-700;ETANOL;02/01/2025;5,19;;R$ / litro;BRANCA
NE;PE;PETROLINA;AUTO POSTO GENE LTDA; 03.544.644/0001-39;AVENIDA DA INTEGRACAO;80;QUADRA  J;KM 02;56308-340;GASOLINA;02/01/2025;6,79;;R$ / litro;ALE
NE;PE;PETROLINA;AUTO POSTO GENE LTDA; 03.544.644/0001-39;AVENIDA DA INTEGRACAO;80;QUADRA  J;KM 02;56308-340;GASOLINA ADITIVADA;02/01/2025;6,79;;R$ / litro;ALE
NE;PE;PETROLINA;AUTO POSTO GENE LTDA; 03.544.644/0001-39;AVENIDA DA INTEGRACAO;80;QUADRA  J;KM 02;56308-340;ETANOL;02/01/2025;5,19;;R$ / litro;ALE
S;PR;ARAPONGAS;AUTO POSTO CATUAI LTDA; 07.900.742/0004-65;RUA GATURAMO;475;;JARDIM PRIMAVERA;86702-000;GASOLINA;02/01/2025;5,89;;R$ / litro;BRANCA
S;PR;ARAPONGAS;AUTO POSTO CATUAI LTDA; 07.900.742/0004-65;RUA GATURAMO;475;;JARDIM PRIMAVERA;86702-000;GASOLINA ADITIVADA;02/01/2025;5,92;;R$ / litro;BRANCA
S;PR;ARAPONGAS;AUTO POSTO CATUAI LTDA; 07.900.742/0004-65;RUA GATURAMO;475;;JARDIM PRIMAVERA;86702-000;DIESEL;02/01/2025;5,69;;R$ / litro;BRANCA
S;PR;ARAPONGAS;AUTO POSTO CATUAI LTDA; 07.900.742/0004-65;RUA GATURAMO;475;;JARDIM PRIMAVERA;86702-000;ETANOL;02/01/2025;3,89;;R$ / litro;BRANCA
S;PR;ARAPONGAS;L&J COMÉRCIO DE COMBUSTÍVEIS LTDA.; 06.050.174/0001-45;RUA CONDOR;863;;CENTRO;86701-210;GASOLINA;02/01/2025;6,19;;R$ / litro;VIBRA
S;PR;ARAPONGAS;L&J COMÉRCIO DE COMBUSTÍVEIS LTDA.; 06.050.174/0001-45;RUA CONDOR;863;;CENTRO;86701-210;GASOLINA ADITIVADA;02/01/2025;6,29;;R$ / litro;VIBRA
S;PR;ARAPONGAS;L&J COMÉRCIO DE COMBUSTÍVEIS LTDA.; 06.050.174/0001-45;RUA CONDOR;863;;CENTRO;86701-210;DIESEL;02/01/2025;5,99;;R$ / litro;VIBRA
S;PR;ARAPONGAS;L&J COMÉRCIO DE COMBUSTÍVEIS LTDA.; 06.050.174/0001-45;RUA CONDOR;863;;CENTRO;86701-210;DIESEL S10;02/01/2025;6,09;;R$ / litro;VIBRA
S;PR;ARAPONGAS;L&J COMÉRCIO DE COMBUSTÍVEIS LTDA.; 06.050.174/0001-45;RUA CONDOR;863;;CENTRO;86701-210;ETANOL;02/01/2025;4,19;;R$ / litro;VIBRA
S;PR;ARAPONGAS;POSTO DE GASOLINA TAN TAN LTDA; 75.410.118/0001-97;AVENIDA MARACANA;678;;VILA INDUSTRIAL;86706-000;GASOLINA;02/01/2025;5,89;;R$ / litro;BRANCA
S;PR;ARAPONGAS;POSTO DE GASOLINA TAN TAN LTDA; 75.410.118/0001-97;AVENIDA MARACANA;678;;VILA INDUSTRIAL;86706-000;GASOLINA ADITIVADA;02/01/2025;5,89;;R$ / litro;BRANCA
S;PR;ARAPONGAS;POSTO DE GASOLINA TAN TAN LTDA; 75.410.118/0001-97;AVENIDA MARACANA;678;;VILA INDUSTRIAL;86706-000;DIESEL;02/01/2025;5,69;;R$ / litro;BRANCA
S;PR;ARAPONGAS;POSTO DE GASOLINA TAN TAN LTDA; 75.410.118/0001-97;AVENIDA MARACANA;678;;VILA INDUSTRIAL;86706-000;DIESEL S10;02/01/2025;5,79;;R$ / litro;BRANCA
S;PR;ARAPONGAS;POSTO DE GASOLINA TAN TAN LTDA; 75.410.118/0001-97;AVENIDA MARACANA;678;;VILA INDUSTRIAL;86706-000;ETANOL;02/01/2025;3,89;;R$ / litro;BRANCA
S;PR;ARAPONGAS;POSTO DE GASOLINA BANDEIRANTES LTDA; 75.400.242/0001-71;RUA DRONGO E CONDOR;SN;;VILA  CASACATA;86701-210;GASOLINA;02/01/2025;6,09;;R$ / litro;BRANCA
S;PR;ARAPONGAS;POSTO DE GASOLINA BANDEIRANTES LTDA; 75.400.242/0001-71;RUA DRONGO E CONDOR;SN;;VILA  CASACATA;86701-210;GASOLINA ADITIVADA;02/01/2025;6,19;;R$ / litro;BRANCA
S;PR;ARAPONGAS;POSTO DE GASOLINA BANDEIRANTES LTDA; 75.400.242/0001-71;RUA DRONGO E CONDOR;SN;;VILA  CASACATA;86701-210;DIESEL;02/01/2025;5,95;;R$ / litro;BRANCA
S;PR;ARAPONGAS;POSTO DE GASOLINA BANDEIRANTES LTDA; 75.400.242/0001-71;RUA DRONGO E CONDOR;SN;;VILA  CASACATA;86701-210;ETANOL;02/01/2025;4,09;;R$ / litro;BRANCA
S;PR;ARAPONGAS;GONCALES COMERCIO DE COMBUSTIVEIS LTDA.; 03.577.554/0001-44;RUA UIRAPURU;1901;;CENTRO;86701-010;GASOLINA;02/01/2025;5,99;;R$ / litro;IPIRANGA
S;PR;ARAPONGAS;GONCALES COMERCIO DE COMBUSTIVEIS LTDA.; 03.577.554/0001-44;RUA UIRAPURU;1901;;CENTRO;86701-010;GASOLINA ADITIVADA;02/01/2025;6,29;;R$ / litro;IPIRANGA
S;PR;ARAPONGAS;GONCALES COMERCIO DE COMBUSTIVEIS LTDA.; 03.577.554/0001-44;RUA UIRAPURU;1901;;CENTRO;86701-010;ETANOL;02/01/2025;3,99;;R$ / litro;IPIRANGA
S;PR;ARAUCARIA;POSTO E CHURRASCARIA DE BORTOLI CUPIM LTDA; 78.150.380/0007-23;RODOVIA BR 476;SN;KM 150;THOMAZ COELHO;83707-440;GASOLINA;02/01/2025;6,09;;R$ / litro;VIBRA
S;PR;ARAUCARIA;POSTO E CHURRASCARIA DE BORTOLI CUPIM LTDA; 78.150.380/0007-23;RODOVIA BR 476;SN;KM 150;THOMAZ COELHO;83707-440;GASOLINA ADITIVADA;02/01/2025;6,19;;R$ / litro;VIBRA
S;PR;ARAUCARIA;POSTO E CHURRASCARIA DE BORTOLI CUPIM LTDA; 78.150.380/0007-23;RODOVIA BR 476;SN;KM 150;THOMAZ COELHO;83707-440;DIESEL;02/01/2025;5,69;;R$ / litro;VIBRA
S;PR;ARAUCARIA;POSTO E CHURRASCARIA DE BORTOLI CUPIM LTDA; 78.150.380/0007-23;RODOVIA BR 476;SN;KM 150;THOMAZ COELHO;83707-440;DIESEL S10;02/01/2025;5,79;;R$ / litro;VIBRA
S;PR;ARAUCARIA;POSTO E CHURRASCARIA DE BORTOLI CUPIM LTDA; 78.150.380/0007-23;RODOVIA BR 476;SN;KM 150;THOMAZ COELHO;83707-440;ETANOL;02/01/2025;4,19;;R$ / litro;VIBRA
S;PR;ARAUCARIA;AUTO POSTO FIALLA II LTDA; 81.450.538/0001-08;AVENIDA DOUTOR VICTOR DO AMARAL;563;;CENTRO;83702-040;GASOLINA;02/01/2025;6,35;;R$ / litro;BRANCA
S;PR;ARAUCARIA;AUTO POSTO FIALLA II LTDA; 81.450.538/0001-08;AVENIDA DOUTOR VICTOR DO AMARAL;563;;CENTRO;83702-040;GASOLINA ADITIVADA;02/01/2025;6,45;;R$ / litro;BRANCA
S;PR;ARAUCARIA;AUTO POSTO FIALLA II LTDA; 81.450.538/0001-08;AVENIDA DOUTOR VICTOR DO AMARAL;563;;CENTRO;83702-040;DIESEL S10;02/01/2025;6,39;;R$ / litro;BRANCA
S;PR;ARAUCARIA;AUTO POSTO FIALLA II LTDA; 81.450.538/0001-08;AVENIDA DOUTOR VICTOR DO AMARAL;563;;CENTRO;83702-040;ETANOL;02/01/2025;4,49;;R$ / litro;BRANCA
S;PR;ARAUCARIA;AUTO POSTO FIALLA LTDA; 78.951.779/0001-18;AVENIDA ARCHELAU DE ALMEIDA TORRES;925;;CENTRO;83702-185;GASOLINA;02/01/2025;6,32;;R$ / litro;BRANCA
S;PR;ARAUCARIA;AUTO POSTO FIALLA LTDA; 78.951.779/0001-18;AVENIDA ARCHELAU DE ALMEIDA TORRES;925;;CENTRO;83702-185;GASOLINA ADITIVADA;02/01/2025;6,42;;R$ / litro;BRANCA
S;PR;ARAUCARIA;AUTO POSTO FIALLA LTDA; 78.951.779/0001-18;AVENIDA ARCHELAU DE ALMEIDA TORRES;925;;CENTRO;83702-185;DIESEL S10;02/01/2025;5,99;;R$ / litro;BRANCA
S;PR;ARAUCARIA;AUTO POSTO FIALLA LTDA; 78.951.779/0001-18;AVENIDA ARCHELAU DE ALMEIDA TORRES;925;;CENTRO;83702-185;ETANOL;02/01/2025;4,49;;R$ / litro;BRANCA
S;PR;ARAUCARIA;COMERCIO DE COMBUSTIVEIS ARAUCARIA LTDA; 76.750.397/0001-09;RODOVIA PR-423;3000;KM    2.9;ESTACAO;83705-000;GASOLINA;02/01/2025;6,19;;R$ / litro;STANG
S;PR;ARAUCARIA;COMERCIO DE COMBUSTIVEIS ARAUCARIA LTDA; 76.750.397/0001-09;RODOVIA PR-423;3000;KM    2.9;ESTACAO;83705-000;GASOLINA ADITIVADA;02/01/2025;6,19;;R$ / litro;STANG
S;PR;ARAUCARIA;COMERCIO DE COMBUSTIVEIS ARAUCARIA LTDA; 76.750.397/0001-09;RODOVIA PR-423;3000;KM    2.9;ESTACAO;83705-000;DIESEL;02/01/2025;5,69;;R$ / litro;STANG
S;PR;ARAUCARIA;COMERCIO DE COMBUSTIVEIS ARAUCARIA LTDA; 76.750.397/0001-09;RODOVIA PR-423;3000;KM    2.9;ESTACAO;83705-000;DIESEL S10;02/01/2025;5,79;;R$ / litro;STANG
S;PR;ARAUCARIA;COMERCIO DE COMBUSTIVEIS ARAUCARIA LTDA; 76.750.397/0001-09;RODOVIA PR-423;3000;KM    2.9;ESTACAO;83705-000;ETANOL;02/01/2025;4,19;;R$ / litro;STANG
S;PR;ARAUCARIA;DEHAINI & CIA LTDA; 00.076.498/0001-76;RODOVIA BR 476;5556;;ESTACAO;83705-177;GASOLINA;02/01/2025;6,34;;R$ / litro;RAIZEN
S;PR;ARAUCARIA;DEHAINI & CIA LTDA; 00.076.498/0001-76;RODOVIA BR 476;5556;;ESTACAO;83705-177;ETANOL;02/01/2025;4,49;;R$ / litro;RAIZEN
SE;RJ;ITAPERUNA;POSTO DE GASOLINA TIMBOZAO III LTDA; 32.179.707/0001-01;RUA CORONEL JOSE BASTOS;207;;CASTELO BRANCO;28300-000;GASOLINA;02/01/2025;6,56;;R$ / litro;VIBRA
SE;RJ;ITAPERUNA;POSTO DE GASOLINA TIMBOZAO III LTDA; 32.179.707/0001-01;RUA CORONEL JOSE BASTOS;207;;CASTELO BRANCO;28300-000;GASOLINA ADITIVADA;02/01/2025;6,59;;R$ / litro;VIBRA
SE;RJ;ITAPERUNA;POSTO DE GASOLINA TIMBOZAO III LTDA; 32.179.707/0001-01;RUA CORONEL JOSE BASTOS;207;;CASTELO BRANCO;28300-000;DIESEL;02/01/2025;6,19;;R$ / litro;VIBRA
SE;RJ;ITAPERUNA;POSTO DE GASOLINA TIMBOZAO III LTDA; 32.179.707/0001-01;RUA CORONEL JOSE BASTOS;207;;CASTELO BRANCO;28300-000;DIESEL S10;02/01/2025;6,29;;R$ / litro;VIBRA
SE;RJ;ITAPERUNA;POSTO DE GASOLINA TIMBOZAO III LTDA; 32.179.707/0001-01;RUA CORONEL JOSE BASTOS;207;;CASTELO BRANCO;28300-000;ETANOL;02/01/2025;4,56;;R$ / litro;VIBRA
SE;RJ;ITAPERUNA;POSTO DE GASOLINA ITAVANA LTDA; 32.179.467/0001-37;RUA CORONEL JOSE BASTOS;894;;AEROPORTO;28300-000;GASOLINA;02/01/2025;6,52;;R$ / litro;BRANCA
SE;RJ;ITAPERUNA;POSTO DE GASOLINA ITAVANA LTDA; 32.179.467/0001-37;RUA CORONEL JOSE BASTOS;894;;AEROPORTO;28300-000;GASOLINA ADITIVADA;02/01/2025;6,52;;R$ / litro;BRANCA
SE;RJ;ITAPERUNA;POSTO DE GASOLINA ITAVANA LTDA; 32.179.467/0001-37;RUA CORONEL JOSE BASTOS;894;;AEROPORTO;28300-000;DIESEL;02/01/2025;6,15;;R$ / litro;BRANCA
SE;RJ;ITAPERUNA;POSTO DE GASOLINA ITAVANA LTDA; 32.179.467/0001-37;RUA CORONEL JOSE BASTOS;894;;AEROPORTO;28300-000;DIESEL S10;02/01/2025;6,25;;R$ / litro;BRANCA
SE;RJ;ITAPERUNA;POSTO DE GASOLINA ITAVANA LTDA; 32.179.467/0001-37;RUA CORONEL JOSE BASTOS;894;;AEROPORTO;28300-000;ETANOL;02/01/2025;4,52;;R$ / litro;BRANCA
SE;RJ;ITAPERUNA;POSTO NOVA ITAPERUNA LTDA; 31.536.188/0001-10;AVENIDA PRESIDENTE DUTRA;758;770;PRES COSTA E SILVA;28300-000;GASOLINA;02/01/2025;6,54;;R$ / litro;BRANCA
SE;RJ;ITAPERUNA;POSTO NOVA ITAPERUNA LTDA; 31.536.188/0001-10;AVENIDA PRESIDENTE DUTRA;758;770;PRES COSTA E SILVA;28300-000;GASOLINA ADITIVADA;02/01/2025;6,59;;R$ / litro;BRANCA
SE;RJ;ITAPERUNA;POSTO NOVA ITAPERUNA LTDA; 31.536.188/0001-10;AVENIDA PRESIDENTE DUTRA;758;770;PRES COSTA E SILVA;28300-000;DIESEL;02/01/2025;5,99;;R$ / litro;BRANCA
SE;RJ;ITAPERUNA;POSTO NOVA ITAPERUNA LTDA; 31.536.188/0001-10;AVENIDA PRESIDENTE DUTRA;758;770;PRES COSTA E SILVA;28300-000;DIESEL S10;02/01/2025;6,19;;R$ / litro;BRANCA
SE;RJ;ITAPERUNA;POSTO NOVA ITAPERUNA LTDA; 31.536.188/0001-10;AVENIDA PRESIDENTE DUTRA;758;770;PRES COSTA E SILVA;28300-000;ETANOL;02/01/2025;4,54;;R$ / litro;BRANCA
SE;RJ;ITAPERUNA;ITA POSTO DE GASOLINA LTDA; 29.795.721/0001-17;AVENIDA ZULAMITH BITTENCOURT;400;;CIDADE NOVA;28300-000;GASOLINA;02/01/2025;6,56;;R$ / litro;IPIRANGA
SE;RJ;ITAPERUNA;ITA POSTO DE GASOLINA LTDA; 29.795.721/0001-17;AVENIDA ZULAMITH BITTENCOURT;400;;CIDADE NOVA;28300-000;GASOLINA ADITIVADA;02/01/2025;6,76;;R$ / litro;IPIRANGA
SE;RJ;ITAPERUNA;ITA POSTO DE GASOLINA LTDA; 29.795.721/0001-17;AVENIDA ZULAMITH BITTENCOURT;400;;CIDADE NOVA;28300-000;DIESEL;02/01/2025;6,09;;R$ / litro;IPIRANGA
SE;RJ;ITAPERUNA;DISCO COMBUSTIVEIS ITAPERUNA LTDA; 04.642.284/0001-70;RODOVIA BR 356;S/N;KM 01;PRIMEIRO DISTRITO;28300-000;GASOLINA;02/01/2025;6,59;;R$ / litro;VIBRA
SE;RJ;ITAPERUNA;DISCO COMBUSTIVEIS ITAPERUNA LTDA; 04.642.284/0001-70;RODOVIA BR 356;S/N;KM 01;PRIMEIRO DISTRITO;28300-000;GASOLINA ADITIVADA;02/01/2025;6,69;;R$ / litro;VIBRA
SE;RJ;ITAPERUNA;DISCO COMBUSTIVEIS ITAPERUNA LTDA; 04.642.284/0001-70;RODOVIA BR 356;S/N;KM 01;PRIMEIRO DISTRITO;28300-000;ETANOL;02/01/2025;4,59;;R$ / litro;VIBRA
SE;RJ;ITAPERUNA;AUTO POSTO TIMBOZAO 2000 LTDA; 03.036.364/0001-10;AVENIDA PRESIDENTE DUTRA;1226;;CIDADE NOVA;28300-000;GASOLINA;02/01/2025;6,56;;R$ / litro;IPIRANGA
SE;RJ;ITAPERUNA;AUTO POSTO TIMBOZAO 2000 LTDA; 03.036.364/0001-10;AVENIDA PRESIDENTE DUTRA;1226;;CIDADE NOVA;28300-000;GASOLINA ADITIVADA;02/01/2025;6,59;;R$ / litro;IPIRANGA
SE;RJ;ITAPERUNA;AUTO POSTO TIMBOZAO 2000 LTDA; 03.036.364/0001-10;AVENIDA PRESIDENTE DUTRA;1226;;CIDADE NOVA;28300-000;DIESEL;02/01/2025;6,19;;R$ / litro;IPIRANGA
SE;RJ;ITAPERUNA;AUTO POSTO TIMBOZAO 2000 LTDA; 03.036.364/0001-10;AVENIDA PRESIDENTE DUTRA;1226;;CIDADE NOVA;28300-000;DIESEL S10;02/01/2025;6,29;;R$ / litro;IPIRANGA
SE;RJ;ITAPERUNA;AUTO POSTO TIMBOZAO 2000 LTDA; 03.036.364/0001-10;AVENIDA PRESIDENTE DUTRA;1226;;CIDADE NOVA;28300-000;ETANOL;02/01/2025;4,56;;R$ / litro;IPIRANGA
SE;RJ;MACAE;POSTO CANCELA SERVICOS E COMERCIO LTDA; 28.284.941/0001-13;ESTRADA DA CANCELA PRETA;60;;RIVIERA FLUMINENSE;27937-050;GNV;02/01/2025;5,39;;R$ / m³;RAIZEN
SE;RJ;MACAE;POSTO CANCELA SERVICOS E COMERCIO LTDA; 28.284.941/0001-13;ESTRADA DA CANCELA PRETA;60;;RIVIERA FLUMINENSE;27937-050;GASOLINA;02/01/2025;6,39;;R$ / litro;RAIZEN
SE;RJ;MACAE;POSTO CANCELA SERVICOS E COMERCIO LTDA; 28.284.941/0001-13;ESTRADA DA CANCELA PRETA;60;;RIVIERA FLUMINENSE;27937-050;GASOLINA ADITIVADA;02/01/2025;6,79;;R$ / litro;RAIZEN
SE;RJ;MACAE;POSTO CANCELA SERVICOS E COMERCIO LTDA; 28.284.941/0001-13;ESTRADA DA CANCELA PRETA;60;;RIVIERA FLUMINENSE;27937-050;DIESEL;02/01/2025;6,69;;R$ / litro;RAIZEN
SE;RJ;MACAE;POSTO CANCELA SERVICOS E COMERCIO LTDA; 28.284.941/0001-13;ESTRADA DA CANCELA PRETA;60;;RIVIERA FLUMINENSE;27937-050;ETANOL;02/01/2025;4,69;;R$ / litro;RAIZEN
SE;RJ;MACAE;POSTO MOREIRA CABRAL LTDA; 05.578.837/0002-17;AVENIDA FABIO FRANCO;420;;VISCONDE DE ARAÚJO;27943-090;GASOLINA;02/01/2025;6,29;;R$ / litro;VIBRA
SE;RJ;MACAE;POSTO MOREIRA CABRAL LTDA; 05.578.837/0002-17;AVENIDA FABIO FRANCO;420;;VISCONDE DE ARAÚJO;27943-090;GASOLINA ADITIVADA;02/01/2025;6,39;;R$ / litro;VIBRA
SE;RJ;MACAE;POSTO MOREIRA CABRAL LTDA; 05.578.837/0002-17;AVENIDA FABIO FRANCO;420;;VISCONDE DE ARAÚJO;27943-090;DIESEL S10;02/01/2025;6,75;;R$ / litro;VIBRA
SE;RJ;MACAE;POSTO MOREIRA CABRAL LTDA; 05.578.837/0002-17;AVENIDA FABIO FRANCO;420;;VISCONDE DE ARAÚJO;27943-090;ETANOL;02/01/2025;4,59;;R$ / litro;VIBRA
SE;RJ;MACAE;POSTO TITAN DE MACAE LTDA; 05.374.546/0001-26;AVENIDA ALUIZIO DA SILVA GOMES;56;;GLORIA;27930-560;GASOLINA;02/01/2025;6,39;;R$ / litro;VIBRA
SE;RJ;MACAE;POSTO TITAN DE MACAE LTDA; 05.374.546/0001-26;AVENIDA ALUIZIO DA SILVA GOMES;56;;GLORIA;27930-560;GASOLINA ADITIVADA;02/01/2025;6,59;;R$ / litro;VIBRA
SE;RJ;MACAE;POSTO TITAN DE MACAE LTDA; 05.374.546/0001-26;AVENIDA ALUIZIO DA SILVA GOMES;56;;GLORIA;27930-560;DIESEL;02/01/2025;6,79;;R$ / litro;VIBRA
SE;RJ;MACAE;POSTO TITAN DE MACAE LTDA; 05.374.546/0001-26;AVENIDA ALUIZIO DA SILVA GOMES;56;;GLORIA;27930-560;DIESEL S10;02/01/2025;6,89;;R$ / litro;VIBRA
SE;RJ;MACAE;POSTO TITAN DE MACAE LTDA; 05.374.546/0001-26;AVENIDA ALUIZIO DA SILVA GOMES;56;;GLORIA;27930-560;ETANOL;02/01/2025;4,89;;R$ / litro;VIBRA
SE;RJ;MACAE;POSTO SAO JOAO DE MACAE LTDA; 31.507.809/0001-38;RUA JOSE DE AGUIAR FRANCO;270;;COSTA DO SOL;27923-320;GNV;02/01/2025;5,39;;R$ / m³;IPIRANGA
SE;RJ;MACAE;POSTO SAO JOAO DE MACAE LTDA; 31.507.809/0001-38;RUA JOSE DE AGUIAR FRANCO;270;;COSTA DO SOL;27923-320;GASOLINA;02/01/2025;6,29;;R$ / litro;IPIRANGA
SE;RJ;MACAE;POSTO SAO JOAO DE MACAE LTDA; 31.507.809/0001-38;RUA JOSE DE AGUIAR FRANCO;270;;COSTA DO SOL;27923-320;GASOLINA ADITIVADA;02/01/2025;6,39;;R$ / litro;IPIRANGA
SE;RJ;MACAE;POSTO SAO JOAO DE MACAE LTDA; 31.507.809/0001-38;RUA JOSE DE AGUIAR FRANCO;270;;COSTA DO SOL;27923-320;DIESEL S10;02/01/2025;6,59;;R$ / litro;IPIRANGA
SE;RJ;MACAE;POSTO SAO JOAO DE MACAE LTDA; 31.507.809/0001-38;RUA JOSE DE AGUIAR FRANCO;270;;COSTA DO SOL;27923-320;ETANOL;02/01/2025;4,57;;R$ / litro;IPIRANGA
SE;RJ;MACAE;POSTO JOSE BAPTISTA LTDA; 29.701.513/0001-01;PRACA WAHINGTON LUIZ;59;;CENTRO;27901-050;GNV;02/01/2025;5,39;;R$ / m³;VIBRA
SE;RJ;MACAE;POSTO JOSE BAPTISTA LTDA; 29.701.513/0001-01;PRACA WAHINGTON LUIZ;59;;CENTRO;27901-050;GASOLINA;02/01/2025;6,39;;R$ / litro;VIBRA
SE;RJ;MACAE;POSTO JOSE BAPTISTA LTDA; 29.701.513/0001-01;PRACA WAHINGTON LUIZ;59;;CENTRO;27901-050;GASOLINA ADITIVADA;02/01/2025;6,52;;R$ / litro;VIBRA
SE;RJ;MACAE;POSTO JOSE BAPTISTA LTDA; 29.701.513/0001-01;PRACA WAHINGTON LUIZ;59;;CENTRO;27901-050;DIESEL S10;02/01/2025;6,76;;R$ / litro;VIBRA
SE;RJ;MACAE;POSTO JOSE BAPTISTA LTDA; 29.701.513/0001-01;PRACA WAHINGTON LUIZ;59;;CENTRO;27901-050;ETANOL;02/01/2025;4,75;;R$ / litro;VIBRA
SE;RJ;MACAE;POSTO TIC TAC DE MACAE LTDA; 27.718.287/0001-46;AVENIDA RUI BARBOSA;1492;;CAJUEIROS;27910-361;GASOLINA;02/01/2025;6,39;;R$ / litro;RAIZEN
SE;RJ;MACAE;POSTO TIC TAC DE MACAE LTDA; 27.718.287/0001-46;AVENIDA RUI BARBOSA;1492;;CAJUEIROS;27910-361;GASOLINA ADITIVADA;02/01/2025;6,69;;R$ / litro;RAIZEN
SE;RJ;MACAE;POSTO TREVO LITORAL LTDA; 05.289.050/0001-54;RODOVIA RJ 168;1178;;BOTAFOGO;27901-970;GNV;02/01/2025;5,38;;R$ / m³;RAIZEN
SE;RJ;MACAE;POSTO TREVO LITORAL LTDA; 05.289.050/0001-54;RODOVIA RJ 168;1178;;BOTAFOGO;27901-970;GASOLINA;02/01/2025;6,28;;R$ / litro;RAIZEN
SE;RJ;MACAE;POSTO TREVO LITORAL LTDA; 05.289.050/0001-54;RODOVIA RJ 168;1178;;BOTAFOGO;27901-970;GASOLINA ADITIVADA;02/01/2025;6,68;;R$ / litro;RAIZEN
SE;RJ;MACAE;POSTO TREVO LITORAL LTDA; 05.289.050/0001-54;RODOVIA RJ 168;1178;;BOTAFOGO;27901-970;DIESEL;02/01/2025;6,7;;R$ / litro;RAIZEN
SE;RJ;MACAE;POSTO TREVO LITORAL LTDA; 05.289.050/0001-54;RODOVIA RJ 168;1178;;BOTAFOGO;27901-970;DIESEL S10;02/01/2025;6,75;;R$ / litro;RAIZEN
SE;RJ;MACAE;POSTO TREVO LITORAL LTDA; 05.289.050/0001-54;RODOVIA RJ 168;1178;;BOTAFOGO;27901-970;ETANOL;02/01/2025;4,65;;R$ / litro;RAIZEN
SE;RJ;MACAE;POSTO L. V. DE MACAE LTDA; 01.628.568/0001-14;AVENIDA CARLOS AUGUSTO TINOCO GARCIA;1852;;JARDIM SOL Y MAR;27940-370;ETANOL;02/01/2025;4,59;;R$ / litro;VIBRA
SE;RJ;MACAE;POSTO L. V. DE MACAE LTDA; 01.628.568/0001-14;AVENIDA CARLOS AUGUSTO TINOCO GARCIA;1852;;JARDIM SOL Y MAR;27940-370;GASOLINA;02/01/2025;6,29;;R$ / litro;VIBRA
SE;RJ;MACAE;POSTO L. V. DE MACAE LTDA; 01.628.568/0001-14;AVENIDA CARLOS AUGUSTO TINOCO GARCIA;1852;;JARDIM SOL Y MAR;27940-370;GASOLINA ADITIVADA;02/01/2025;6,39;;R$ / litro;VIBRA
SE;RJ;MACAE;POSTO L. V. DE MACAE LTDA; 01.628.568/0001-14;AVENIDA CARLOS AUGUSTO TINOCO GARCIA;1852;;JARDIM SOL Y MAR;27940-370;DIESEL;02/01/2025;6,65;;R$ / litro;VIBRA
SE;RJ;MACAE;POSTO L. V. DE MACAE LTDA; 01.628.568/0001-14;AVENIDA CARLOS AUGUSTO TINOCO GARCIA;1852;;JARDIM SOL Y MAR;27940-370;DIESEL S10;02/01/2025;6,75;;R$ / litro;VIBRA
SE;RJ;BELFORD ROXO;POSTO BOA VIAGEM LTDA; 30.769.681/0001-18;RODOVIA PRESIDENTE DUTRA;S/N;KM    172.5;ROCHA SOBRINHO;26130-250;GNV;02/01/2025;4,98;;R$ / m³;IPIRANGA
SE;RJ;BELFORD ROXO;POSTO BOA VIAGEM LTDA; 30.769.681/0001-18;RODOVIA PRESIDENTE DUTRA;S/N;KM    172.5;ROCHA SOBRINHO;26130-250;GASOLINA;02/01/2025;5,99;;R$ / litro;IPIRANGA
SE;RJ;BELFORD ROXO;POSTO BOA VIAGEM LTDA; 30.769.681/0001-18;RODOVIA PRESIDENTE DUTRA;S/N;KM    172.5;ROCHA SOBRINHO;26130-250;DIESEL;02/01/2025;6,19;;R$ / litro;IPIRANGA
SE;RJ;BELFORD ROXO;POSTO BOA VIAGEM LTDA; 30.769.681/0001-18;RODOVIA PRESIDENTE DUTRA;S/N;KM    172.5;ROCHA SOBRINHO;26130-250;DIESEL S10;02/01/2025;6,19;;R$ / litro;IPIRANGA
SE;RJ;BELFORD ROXO;POSTO BOA VIAGEM LTDA; 30.769.681/0001-18;RODOVIA PRESIDENTE DUTRA;S/N;KM    172.5;ROCHA SOBRINHO;26130-250;ETANOL;02/01/2025;4,49;;R$ / litro;IPIRANGA
SE;RJ;RIO BONITO;AUTO POSTO SAMBE LTDA; 28.942.605/0001-10;AVENIDA MARTINHO ALMEIDA;350;;PRACA CRUZEIRO;28800-000;GASOLINA;02/01/2025;6,18;;R$ / litro;IPIRANGA
SE;RJ;RIO BONITO;AUTO POSTO SAMBE LTDA; 28.942.605/0001-10;AVENIDA MARTINHO ALMEIDA;350;;PRACA CRUZEIRO;28800-000;GASOLINA ADITIVADA;02/01/2025;6,28;;R$ / litro;IPIRANGA
SE;RJ;RIO BONITO;AUTO POSTO SAMBE LTDA; 28.942.605/0001-10;AVENIDA MARTINHO ALMEIDA;350;;PRACA CRUZEIRO;28800-000;DIESEL S10;02/01/2025;6,67;;R$ / litro;IPIRANGA
SE;RJ;RIO BONITO;AUTO POSTO SAMBE LTDA; 28.942.605/0001-10;AVENIDA MARTINHO ALMEIDA;350;;PRACA CRUZEIRO;28800-000;ETANOL;02/01/2025;4,48;;R$ / litro;IPIRANGA
SE;RJ;RIO BONITO;AUTO POSTO FERROVIA EIRELI; 06.226.911/0001-18;RUA ARTHUR BERNARDES;35;;CENTRO;28800-000;GASOLINA;02/01/2025;5,69;;R$ / litro;VIBRA
SE;RJ;RIO BONITO;AUTO POSTO FERROVIA EIRELI; 06.226.911/0001-18;RUA ARTHUR BERNARDES;35;;CENTRO;28800-000;GASOLINA ADITIVADA;02/01/2025;5,69;;R$ / litro;VIBRA
SE;RJ;RIO BONITO;AUTO POSTO FERROVIA EIRELI; 06.226.911/0001-18;RUA ARTHUR BERNARDES;35;;CENTRO;28800-000;DIESEL S10;02/01/2025;5,89;;R$ / litro;VIBRA
SE;RJ;RIO BONITO;AUTO POSTO FERROVIA EIRELI; 06.226.911/0001-18;RUA ARTHUR BERNARDES;35;;CENTRO;28800-000;ETANOL;02/01/2025;4,19;;R$ / litro;VIBRA
SE;RJ;RIO BONITO;POSTO OLIVEIRA LTDA; 28.621.019/0001-74;ESTRADA BR 101;49 50;KM;PRIMEIRO;28800-000;GASOLINA;02/01/2025;6,19;;R$ / litro;RAIZEN
SE;RJ;RIO BONITO;POSTO OLIVEIRA LTDA; 28.621.019/0001-74;ESTRADA BR 101;49 50;KM;PRIMEIRO;28800-000;GASOLINA ADITIVADA;02/01/2025;6,79;;R$ / litro;RAIZEN
SE;RJ;RIO BONITO;POSTO OLIVEIRA LTDA; 28.621.019/0001-74;ESTRADA BR 101;49 50;KM;PRIMEIRO;28800-000;DIESEL;02/01/2025;6,15;;R$ / litro;RAIZEN
SE;RJ;RIO BONITO;POSTO OLIVEIRA LTDA; 28.621.019/0001-74;ESTRADA BR 101;49 50;KM;PRIMEIRO;28800-000;ETANOL;02/01/2025;4,59;;R$ / litro;RAIZEN
SE;RJ;RIO BONITO;POSTO CONTINENTAL DE SERVICOS LTDA; 29.552.916/0001-36;AVENIDA MANOEL DUARTE;495;;CENTRO;28800-000;GASOLINA;02/01/2025;6,02;;R$ / litro;BRANCA
SE;RJ;RIO BONITO;POSTO CONTINENTAL DE SERVICOS LTDA; 29.552.916/0001-36;AVENIDA MANOEL DUARTE;495;;CENTRO;28800-000;GASOLINA ADITIVADA;02/01/2025;6,05;;R$ / litro;BRANCA
SE;RJ;RIO BONITO;POSTO CONTINENTAL DE SERVICOS LTDA; 29.552.916/0001-36;AVENIDA MANOEL DUARTE;495;;CENTRO;28800-000;DIESEL S10;02/01/2025;6,09;;R$ / litro;BRANCA
SE;RJ;RIO BONITO;POSTO CONTINENTAL DE SERVICOS LTDA; 29.552.916/0001-36;AVENIDA MANOEL DUARTE;495;;CENTRO;28800-000;ETANOL;02/01/2025;4,45;;R$ / litro;BRANCA
SE;RJ;RIO BONITO;POSTO RIO ESTORIL LTDA; 27.188.960/0001-83;RODOVIA BR 101;S/N;KM 264;PRIMEIRO;28800-000;GNV;02/01/2025;5,59;;R$ / m³;BRANCA
SE;RJ;RIO BONITO;POSTO RIO ESTORIL LTDA; 27.188.960/0001-83;RODOVIA BR 101;S/N;KM 264;PRIMEIRO;28800-000;GASOLINA;02/01/2025;6,29;;R$ / litro;BRANCA
SE;RJ;RIO BONITO;POSTO RIO ESTORIL LTDA; 27.188.960/0001-83;RODOVIA BR 101;S/N;KM 264;PRIMEIRO;28800-000;GASOLINA ADITIVADA;02/01/2025;6,29;;R$ / litro;BRANCA
SE;RJ;RIO BONITO;POSTO RIO ESTORIL LTDA; 27.188.960/0001-83;RODOVIA BR 101;S/N;KM 264;PRIMEIRO;28800-000;DIESEL;02/01/2025;6,29;;R$ / litro;BRANCA
SE;RJ;RIO BONITO;POSTO RIO ESTORIL LTDA; 27.188.960/0001-83;RODOVIA BR 101;S/N;KM 264;PRIMEIRO;28800-000;DIESEL S10;02/01/2025;6,39;;R$ / litro;BRANCA
SE;RJ;RIO BONITO;POSTO RIO ESTORIL LTDA; 27.188.960/0001-83;RODOVIA BR 101;S/N;KM 264;PRIMEIRO;28800-000;ETANOL;02/01/2025;4,89;;R$ / litro;BRANCA
SE;RJ;RIO BONITO;POSTO INDIANO LIMITADA; 04.680.091/0001-04;RODOVIA BR 101;S/N;KM 269,5;RIO DOS INDIOS;28800-000;GASOLINA;02/01/2025;5,69;;R$ / litro;BRANCA
SE;RJ;RIO BONITO;POSTO INDIANO LIMITADA; 04.680.091/0001-04;RODOVIA BR 101;S/N;KM 269,5;RIO DOS INDIOS;28800-000;DIESEL;02/01/2025;5,84;;R$ / litro;BRANCA
SE;RJ;RIO BONITO;POSTO INDIANO LIMITADA; 04.680.091/0001-04;RODOVIA BR 101;S/N;KM 269,5;RIO DOS INDIOS;28800-000;ETANOL;02/01/2025;4,17;;R$ / litro;BRANCA
SE;RJ;RIO DE JANEIRO;POSTO MANÉ GARRINCHA DE BOTAFOGO LTDA.; 07.877.289/0001-70;RUA VOLUNTARIOS DA PATRIA;308;;BOTAFOGO;22270-010;GNV;02/01/2025;4,89;;R$ / m³;RAIZEN
SE;RJ;RIO DE JANEIRO;POSTO MANÉ GARRINCHA DE BOTAFOGO LTDA.; 07.877.289/0001-70;RUA VOLUNTARIOS DA PATRIA;308;;BOTAFOGO;22270-010;GASOLINA;02/01/2025;5,99;;R$ / litro;RAIZEN
SE;RJ;RIO DE JANEIRO;POSTO MANÉ GARRINCHA DE BOTAFOGO LTDA.; 07.877.289/0001-70;RUA VOLUNTARIOS DA PATRIA;308;;BOTAFOGO;22270-010;GASOLINA ADITIVADA;02/01/2025;6,39;;R$ / litro;RAIZEN
SE;RJ;RIO DE JANEIRO;POSTO MANÉ GARRINCHA DE BOTAFOGO LTDA.; 07.877.289/0001-70;RUA VOLUNTARIOS DA PATRIA;308;;BOTAFOGO;22270-010;ETANOL;02/01/2025;4,49;;R$ / litro;RAIZEN
SE;RJ;RIO DE JANEIRO;POSTO DE GASOLINA GASOAL LTDA; 05.159.154/0001-44;RUA VINTE E QUATRO DE MAIO;871;;ENGENHO NOVO;20950-091;GASOLINA;02/01/2025;5,59;;R$ / litro;BRANCA
SE;RJ;RIO DE JANEIRO;POSTO DE GASOLINA GASOAL LTDA; 05.159.154/0001-44;RUA VINTE E QUATRO DE MAIO;871;;ENGENHO NOVO;20950-091;GASOLINA ADITIVADA;02/01/2025;5,69;;R$ / litro;BRANCA
SE;RJ;RIO DE JANEIRO;POSTO DE GASOLINA GASOAL LTDA; 05.159.154/0001-44;RUA VINTE E QUATRO DE MAIO;871;;ENGENHO NOVO;20950-091;DIESEL S10;02/01/2025;5,65;;R$ / litro;BRANCA
SE;RJ;RIO DE JANEIRO;POSTO DE GASOLINA GASOAL LTDA; 05.159.154/0001-44;RUA VINTE E QUATRO DE MAIO;871;;ENGENHO NOVO;20950-091;ETANOL;02/01/2025;4,09;;R$ / litro;BRANCA
